{
    "Priority": {
        "6475fae7-797d-4c40-b7d7-d6070ed38958": "High", 
        "71ecc9bf-1cda-47aa-a5e2-c05ecaf8bb4b": "Low", 
        "3af799ea-5188-4422-8b24-5f341f92c576": "Medium"
    }, 
    "Surveyor Evaluation": {
        "f2e2a90a-3b59-434c-92b3-e7092f7755ba": "Eligible for NRHP", 
        "66517b97-1c9e-4c1f-9c4b-4da30ae186b9": "Ineligible for NRHP", 
        "98883116-74d7-4533-9ce3-798098cf60e6": "Insufficient Information", 
        "ad7e2b77-e0ef-44c6-b776-d06461b4eb08": "Likely NRHP Eligible", 
        "66885eee-91e3-4cfe-86f3-66cb75166bad": "More Work Recommended", 
        "8a8c9434-e6fc-4faa-94c2-e6d6e4b2b971": "No Further Work Recommended", 
        "68242687-a1bd-4725-97bf-b9beeb226b22": "Not Evaluated by Recorder", 
        "48556455-c28b-4481-869d-9fbf23cbca02": "Preservation Not Recommended", 
        "a7d2ba07-c58c-4c30-ae46-588e09bb1271": "Preservation Recommended"
    }, 
    "Plot Method": {
        "43dea8e8-3dd6-494c-b7e2-d7e2e7750b34": "D", 
        "f21b3330-c64c-460d-b6c7-d28dc7fc91b1": "M", 
        "2fc96b3a-5874-4aec-bc28-92838b764c9e": "X"
    }, 
    "Yes or No": {
        "40e034ec-263c-465e-afd6-e22380d8c339": "NO", 
        "c034d3e2-a004-4589-a112-0252bc31c689": "YES"
    }, 
    "Visible Artifacts": {
        "360157b2-162d-4dde-b44c-f401c4acdf85": "Architectural", 
        "a3b974b8-16bd-44d3-87d2-c565cdbe4061": "Glass", 
        "497e554c-fb93-4d2c-8ec3-a1a4bc28997d": "Historic ceramics", 
        "caf4fecb-d308-40be-9bda-cbded7109474": "Lithics", 
        "561f2f7e-92a2-4cf3-bb9d-3264f7390775": "Other (describe below)", 
        "c1c172a6-c7d8-4806-9957-74c9ebc7f99a": "Prehistoric pottery", 
        "a5581ca6-1da5-4144-a53f-5a066219f6ce": "Shell tool"
    }, 
    "SurveyorEvaluationDist": {
        "1a8a46b5-d1c4-497b-b0bb-c7575c77fef0": "Ineligible as contributor to NR district", 
        "33c34c00-bc75-46f2-af64-9212c8eb3c8d": "Insufficient data to judge eligibility", 
        "8907ca4c-4a43-4a54-a306-8d3fb29da174": "Likely contributor to NR district", 
        "a55f91cc-dd64-4c83-9648-3ac005363dbb": "More work recommended", 
        "d5fd3546-6d04-4dea-ae8c-484ee66f2eb9": "No further work recommended", 
        "e6c9c220-09f3-4e3b-ad9a-7bb45a91f689": "Not Evaluated by Recorder", 
        "53247ecf-0e82-414f-8a8f-0af397373f80": "Potential contributor to NR district", 
        "74c682bb-da01-4de1-b3d5-54832c3c5404": "Preservation not recommended", 
        "2b8c7210-4349-4b07-88a5-21890ef522cd": "Preservation recommended"
    }, 
    "SHPO Significance": {
        "efddfc83-a9a6-4760-8634-4f6d7eb6f950": "Eligible for NRHP", 
        "ef8642bd-c558-4914-b544-0dd966987e42": "Ineligible for NRHP", 
        "313bb781-3c7c-456d-9b11-9b0ed980cee7": "Insufficient Information", 
        "6fdf6bd2-7ad4-4a6e-941d-013a11fc9028": "Not Evaluated by SHPO", 
        "a9f511f1-ea2b-45fc-85c0-753cd03244fc": "Potentially Eligible for NRHP"
    }, 
    "Visit Type": {
        "395b456e-ee37-486a-aa4d-161502ef1f52": "Follow-up", 
        "916a56f4-013e-4c61-82b0-9eca1cc20420": "Initial"
    }, 
    "Location Verification": {
        "b32ddf3e-753b-4c97-b113-dd673b9edaf8": "Mission location verified", 
        "66248378-2209-4f3f-930c-2896ae455730": "Site could not be found", 
        "ef817be4-59d5-49ae-bf4e-d58fb78f3324": "Site found but in different location"
    }, 
    "Regions": {
        "040d91ea-6984-4a56-9e72-64f87834e145": "Central", 
        "bded0c6f-e2ab-4177-84e1-de69c69cd6e5": "East Central", 
        "4cc0e31e-bd46-4632-9c36-5f3c2628ef64": "North Central", 
        "258e213d-a47a-4545-9a94-7ab1449d9f67": "Northeast", 
        "5c97e64d-8598-482a-bbcd-e61684f34389": "Northwest", 
        "a74fec7a-75da-4faf-8e56-d8af1ce8d5e6": "Southeast", 
        "14e1f3bb-d8a6-42fa-a375-c03a0bd89b53": "Southwest", 
        "602d53f7-f371-4603-8e5b-40e2b341cb94": "West Central"
    }, 
    "Culture": {
        "7216a851-b864-4bed-bfd5-abe90eae4c40": "African-American", 
        "ef8f5f0c-e9c5-4615-b7d3-7df9a0c0102f": "Alachua A.D., 1250-A.D. 1600", 
        "7a79ba17-f93f-48e8-b3e3-efb88c3ccf7b": "American Acquisition/Territorial Developmt 1821-45", 
        "e25de9a7-2fad-4a6e-a4aa-306ebde97413": "American Civil War, 1861-1865", 
        "27f669ef-e4f1-4a03-820e-5fdb7e843a9a": "American, 1821-present", 
        "f08035db-8e8f-4d54-94c1-c4c06c49fb27": "Archaic, 8500 B.C.-1000 B.C.", 
        "b8fc4693-d918-4f2f-a737-b0254ecbc8b3": "Archaic, Early Big Sandy", 
        "c1862ce3-84b6-4344-aa55-e3b3ca8c3999": "Belle Glade I", 
        "47ab1ee3-d5f4-40ce-9579-a71d98841738": "Belle Glade II", 
        "db14bb02-72a9-47bc-9bd7-e2678df9f4fb": "Belle Glade III", 
        "e8542ac3-f139-42be-8e1e-044845406dac": "Belle Glade IV", 
        "077d54c3-0594-4e95-8444-d010497cd8e8": "Belle Glade, 700 B.C.-A.D. 1700", 
        "f979c4c6-bd88-4f7b-bdeb-93774c0bcee5": "Boom Times, 1921-1929", 
        "caef8db7-d06b-43b6-9277-28a3c6af56ce": "British, 1763-1783", 
        "c7aba4eb-f432-4e1b-9e7e-f7f4d53b9378": "Cades Pond, 300 B.C.-A.D. 800", 
        "dc1b5748-1d20-4410-83d4-624dfd833945": "Caloosahatchee I, 500 B.C. - 500 A.D.", 
        "6d40a543-ff5a-4b3d-af77-06c97d009f50": "Caloosahatchee IIA, A.D. 500-800", 
        "8c3bf3e4-57be-4c4d-831f-12b404fecaca": "Caloosahatchee IIB, A.D. 800-1200", 
        "91ac332b-129d-4ec0-8d08-a260011b3b2b": "Caloosahatchee III, A.D. 1200-1350", 
        "2ddf50c6-7bd5-4795-9050-11682877a8b6": "Caloosahatchee IV, A.D. 1350-1500", 
        "b2bc0d0b-c07b-4fd1-8b5b-224a9f89c031": "Caloosahatchee V, A.D. 1500-1750", 
        "3ad138f2-e6ff-4f92-80bb-84c25c99ec5b": "Caloosahatchee, 500 B.C.-1700 A.D.", 
        "393be429-20de-47fb-adc8-56a8a2d264cd": "Dalton", 
        "c1444bb2-22ee-43c4-aab9-ea897d55f514": "Depression and New Deal, 1930-1940", 
        "0da1dcf8-ec9a-4243-a292-9aaa627afc40": "Deptford, 700 B.C.-300 B.C.", 
        "bdcfe0d4-2d28-4517-9edc-60464fa6924d": "Dutch", 
        "64977286-ccd8-4cb4-8023-dbff19847a23": "Early Archaic", 
        "82cf08a4-b524-4b95-a92b-f9aa1b214e18": "Early Archaic Kirk (corner notched or stemmed)", 
        "fc065e74-ebc9-4bcd-b57c-13f6c96c4436": "Early Woodland", 
        "d5b439dc-71d0-4889-ae2e-5c57e98f872f": "Elliots Point, ca. 1000 B.C.-700 B.C.", 
        "988cee77-9eef-4dea-9771-b16ccfeb8df4": "Englewood", 
        "7aa28324-562e-449e-8671-08b214d3786b": "European", 
        "34637fc3-c178-4104-a664-69fd53bfa215": "First Spanish, 1513-1599", 
        "3e3ff7ff-d599-4b6e-aa62-5b32af595dbb": "First Spanish, Early 1600-1699", 
        "1b00a108-ec62-46c0-b63c-34b462a8a78b": "First Spanish, Later 1700-1763", 
        "6fe0f36a-997f-4298-941a-1158e4484a6d": "French", 
        "dcfc21dd-254d-462a-bbe3-73b7ac1333b7": "Ft. Walton, A.D. 1000-1500", 
        "f00ef156-103a-43ab-9f67-24c34f3c8f8d": "Glades I, 1000 B.C.-A.D. 750", 
        "bc64f2df-d138-4bec-8d58-2ad9089a8a27": "Glades II, A.D. 750-1200", 
        "5f15f918-9441-4041-8754-7b713f83efca": "Glades III, A.D. 1000-1700", 
        "f9b414d6-043e-4c29-b588-219258b521e9": "Glades IIIa", 
        "5ee4f880-8859-4613-ae78-ebecbe85ede2": "Glades IIIb", 
        "54e8a8a8-9d92-41d5-9c09-a0174f7bad4b": "Glades IIIc", 
        "d4a81378-7659-47ec-914e-6b3d43344cd0": "Glades IIa", 
        "adef1cad-60de-45e2-8428-347b4a7d7eb3": "Glades IIb", 
        "7caff004-535b-4541-90a0-5e0c279bf4a0": "Glades IIc", 
        "35b34d80-915a-488b-97d3-b2845e8382ef": "Glades Ia", 
        "9ec56eb3-fcb4-4d26-abbd-654428d1183c": "Glades Ib", 
        "05d4b4e9-b165-4af3-807c-93e9d2095dbf": "Glades, 1000 B.C.-A.D. 1700", 
        "d5daa926-0e23-448d-a59d-1ead27267ee9": "Hickory Pond, A.D. 800-1250", 
        "8c23b938-12c4-463e-a255-f089126a9f79": "Historic", 
        "d61ab86a-f588-4f7c-9243-82703f52b8d1": "Indeterminate", 
        "54bafd7e-c478-4ddf-8a74-106a7c710366": "Indian Pond, A.D. 950 to Contact", 
        "7b71c5be-3697-4311-a507-447eaf000a4d": "Italian", 
        "1091ed47-bae4-4085-b256-94ea9d694d89": "Jaketown", 
        "d61a59fd-1883-4f9a-93f6-b6310a3fb1df": "Kolomoki", 
        "1302b257-45ba-4a14-8cac-196e4b80c889": "Lamar", 
        "b23cb5eb-2250-444f-8d47-5a9cbdd30f02": "Late Archaic", 
        "9bdc7105-f78b-476b-8b68-32f1f88fe1c4": "Late Woodland", 
        "a86ddd64-51f9-4d90-9a17-073ed1c60fc1": "Leon-Jefferson", 
        "df995b0d-2660-40e4-a641-377dff29338b": "Lower Creek", 
        "56f84f01-6cae-48e7-9c1e-027b74dff5be": "Malabar", 
        "4d24fbe0-bee7-4793-8cbc-b5bd973941ed": "Malabar I", 
        "52bd8d68-14b4-487e-acd8-9beb1204a834": "Malabar II", 
        "e6188346-a0f5-4212-8521-af71995a6609": "Manasota, 700 B.C.-A.D. 700", 
        "3c9e51dc-3f9e-4a0c-b9a1-2ecaf6cd9260": "Middle Archaic", 
        "5bdde004-9031-4b7d-9382-0697b9c84bb1": "Middle Woodland", 
        "8366a213-c7f0-4497-8281-a367ed0baa4e": "Mississippian", 
        "2b618403-11ef-45c7-be4f-b3da24617f4f": "Modern, 1950-present", 
        "38c3a732-a97f-4ec2-9e82-795e676c04ef": "Mt. Taylor", 
        "c17223cf-b544-416d-b5a5-d9d83b860d5a": "Nineteenth century American, 1821-1899", 
        "fe80325d-1c35-48b1-8ba0-cf6b83e061d7": "Norwood", 
        "8476eaf4-9f77-48f3-b6f4-5dd95377012a": "Orange", 
        "40735dae-7e89-4f6c-9223-f2b816fad88b": "Other", 
        "a6faf5d9-cfa8-49e3-b7d0-b2a2e7d03571": "Paleo-Early", 
        "9e027db7-102a-4dd2-b24e-6fe0a31098df": "Paleo-Middle", 
        "d350485d-31bf-4206-96d7-f00b98776e2a": "Paleoindian, 10,000 B.C.-8500 B.C.", 
        "7a880a6f-2ec7-4392-8bdf-0d215dfa6a39": "Pensacola", 
        "1d247f6e-896a-4aa1-b575-62ffeecce63b": "Perico Island", 
        "89dd5386-915d-4ea9-a2d6-66b52a89cb17": "Possible Paleo-Indian or Late P-I/Early Archaic", 
        "68facf20-e8ca-4ecf-9a80-5e54a85badd6": "Post-Reconstruction, 1880-1897", 
        "06605d26-34e2-4687-9b1c-c5a3c9537364": "Potano", 
        "1ddbd2d6-42a5-4260-b944-d12d7a80c614": "Potano I, A.D. 1600-1630", 
        "6f1a41c8-25e0-4d10-a646-04a195ea80c1": "Potano II, A.D. 1630-1700", 
        "882a52ee-07a9-49fa-864c-e819cd9b0460": "Poverty Point", 
        "a9adbd86-3e0a-4d2b-b89c-d9d8f2c2a76c": "Prehistoric", 
        "814fa758-aab9-4f74-908d-70cb573dc1c9": "Prehistoric lacking pottery", 
        "2254e52c-f663-49e8-b4a3-126afb78fcc8": "Prehistoric with pottery", 
        "1befc3e1-6698-4e91-a5f8-a8e439cabdf3": "Reconstruction, 1866-1879", 
        "88ee0468-ce8f-477f-94fc-45301894a6e4": "Safety Harbor, A.D. 1000-1500", 
        "8e010cf6-dcfb-4516-95de-65c9613d8542": "Santa Rosa", 
        "0ff93dd4-351c-4492-82c8-dda60952f6f5": "Santa Rosa-Swift Creek", 
        "9522e02d-17a9-4470-868b-7ec6f230da66": "Seminole, 1716-present", 
        "f4e58b5f-73d8-4e4d-93d7-2efe6c0e8419": "Seminole, Colonization period, 1750-1816", 
        "5f1ee670-c80b-4911-8a0b-ceaab747e013": "Seminole, First War to Second, 1817-1834", 
        "086524a6-7fdf-44ef-8417-126dc85ca567": "Seminole, Second War to the Third, 1835-1855", 
        "88885e9c-8ac5-4216-99a9-f8996519037a": "Seminole, Third War onward, 1856-present", 
        "e8e7fd13-c16a-4b9b-8f84-a66e69d3615e": "Spanish-American War, 1898-1916", 
        "72b4f13c-d430-4375-afed-0ef9135b1c00": "Spanish-First Period, 1513-1763", 
        "8bfd4010-cbbe-4c65-94f7-506fd3a22fb5": "Spanish-First or Second", 
        "1efaf453-66af-4edb-98ea-2f706f2e767b": "Spanish-Second Period, 1783-1821", 
        "a1022a69-0c9d-4056-a91b-f52120c4ba67": "St. Augustine", 
        "90236f2b-b424-4b98-807a-3ed31fdf37bc": "St. Johns I, 700 B.C.-A.D. 800", 
        "2ea18705-1d60-4617-b1ae-f82e0cfe6d06": "St. Johns II, A.D. 800-1500", 
        "1a917400-f770-40c0-8bfa-323c3195fcfb": "St. Johns IIa", 
        "9602999e-d7b5-4757-b00d-6a9d33b333c4": "St. Johns IIb", 
        "09a65510-d94a-47b4-ac66-2e7723ec7db6": "St. Johns IIc", 
        "65659e42-16f9-4873-a544-ea51aebc6053": "St. Johns Ia", 
        "e49ed06d-efdc-4540-a413-80580ef4df8c": "St. Johns Ib", 
        "8f09e280-cb4b-467e-8f23-b58a30d55973": "St. Johns, 700 B.C.-A.D. 1500", 
        "df33deb9-8237-419e-ab54-18bcaebecc57": "Statehood and Antebellum, 1845-1860", 
        "460940a2-e403-4f5d-a28e-986c04ac83bb": "Suwannee Valley Culture, A.D. 750 to early 16th c.", 
        "9fe64259-b559-413b-8bc9-7ff13c1d6669": "Swift Creek, 300 B.C.-A.D.450", 
        "65323562-8e3f-4a76-924e-85ee3cdc057a": "Swift Creek, Early", 
        "441d9a74-634f-436b-8dce-d9829d3c6ecb": "Swift Creek, Late", 
        "d0e79d17-d211-47cc-b0b5-138b106c6c22": "Transitional, 1000 B.C.-700 B.C.", 
        "0c3f4be0-8a53-4065-a8bc-76bff88b7315": "Twentieth century American, 1900-present", 
        "f3dc095b-03f7-4c70-b2b5-87a38b05ac2e": "Unknown", 
        "4b90d1c3-bf40-4bb4-af71-7ecafd1c5772": "Unspecified on form by the recorder", 
        "f7113947-a1cb-4a52-bd90-431401af4f98": "Weeden Island 1", 
        "0b82718c-f7a3-42a5-a8e2-56d46ffb55b8": "Weeden Island 2", 
        "b517680b-3a8e-4309-96ba-d74484307290": "Weeden Island 3", 
        "7fd64c0a-c45e-4f5b-ab40-7a1aaa34d885": "Weeden Island 4", 
        "fb15310c-eba5-4b40-ac0c-fa65ac760b29": "Weeden Island 5", 
        "a353132d-1be8-4640-a662-c7032b55773a": "Weeden Island I", 
        "3681e876-eef7-4b21-ad25-59fb8a49945e": "Weeden Island II", 
        "f553482b-20a2-4f04-8fc6-1ad49a9ef281": "Weeden Island, A.D. 450-1000", 
        "32dbb903-d728-4645-bcfd-5633cbefb4bc": "Woodland", 
        "de89d58c-2e97-47ca-aecb-a631f847ceaa": "World War I & Aftermath, 1917-1920", 
        "50a055ab-dfb4-4c2d-89d8-c10c162d8fa7": "World War II & Aftermath 1941-1950"
    }, 
    "Threats": {
        "180efc49-4660-4650-b7bb-d9ec6fd1cec9": "Active Erosion", 
        "81178803-cfb1-4d23-b7dd-87fd6bc35b39": "Animal disturbance", 
        "374974c9-ac1c-4079-a89a-6ab886e044eb": "Development", 
        "68e804cf-2bd4-45dc-a0b7-7fb7488ad3c2": "Flooding", 
        "f4d226a6-8378-4f52-9bc9-809f344607a3": "Other (describe below)", 
        "f03f8806-2351-423b-b9f0-d98f0a37fafc": "Storm surge", 
        "813c4266-3309-416b-9031-f4e4d4ad6678": "Vegetation growth", 
        "371aa906-c034-4e36-9b1b-6677ec31bdc3": "Vehicle damage", 
        "a8c78e50-0c8f-46f1-b6a7-50f280cb9c63": "Visitor traffic", 
        "18e9458f-4893-4e79-84d8-01d9b8dca5c2": "Wave action", 
        "6a1c8d3a-159a-4003-9361-f0d379f06698": "Wind"
    }, 
    "Ownership": {
        "bd34e35e-7b2a-46a3-9557-2b764a2a1785": "City", 
        "c57a4eba-2a25-465d-8760-d720550b47f0": "County", 
        "04a98be3-d01c-4390-9f8c-dec5504b2159": "Federal", 
        "00ca9b7e-1c34-452e-ac99-90a9f6a3f394": "Foreign", 
        "5aac72dc-ae0a-402d-b532-bdaceee83e8e": "Local government", 
        "8ca351b6-13de-408a-b903-a9822cc6ae0b": "Multiple categories of ownership", 
        "1fe6e515-2b32-4024-8944-d5e428838851": "Native American", 
        "164a94cc-165b-4f97-bcff-7b2b7f21144a": "Other", 
        "a6e13fca-16e4-49bb-ae3d-ab68181d9a97": "Private-corporate-for profit", 
        "e107fd5d-3097-4140-a703-51c48a9bb65c": "Private-corporate-nonprofit", 
        "f6fcabaf-b7a8-48eb-85e5-1e70910cfc33": "Private-individual", 
        "e4553e69-8d32-46a3-86dc-6cc7a6613066": "Private-unspecified", 
        "a705acba-8e8a-44bb-be42-af007a58d3dc": "Public-unspecified", 
        "269c96fb-98e1-42fb-8fe2-145757795863": "State", 
        "8ca643f2-e717-492d-85dd-3272d174b2e8": "Unknown", 
        "f6c8c171-2af2-42b8-9f70-4658eff57a6a": "Unspecified by surveyor"
    }, 
    "Recommendation": {
        "a29bd7cd-aea6-461d-963b-6cd6d4cae40a": "Defense", 
        "25a2868f-bc77-4246-954a-851a271d962b": "FMSF update", 
        "2455d32d-d1c0-4bd9-b47a-6ba4877c885d": "Other", 
        "f953f862-4cdd-4564-a0d1-0db9f693db8a": "Repeat visit"
    }, 
    "Resource to Resource Relationship Types": {
        "ac41d9be-79db-4256-b368-2f4559cfbe55": "is related to"
    }, 
    "Overall Site Condition": {
        "5bafbd5f-8e25-4db3-8e23-a730c633d2f7": "Fair = Declining", 
        "3696827d-9da2-4b0d-a892-7c320f2da9f9": "Good = Stable", 
        "948ef076-d14c-4cb3-9713-f780463a5a3c": "Poor = Unstable"
    }, 
    "Site Type": {
        "4c9d681d-267c-461e-8b55-d44d5d1302e4": "Agriculture/Farm structure", 
        "d1c3dca8-70c4-4e64-b543-ebee467dd41d": "Aircraft Wreckage/Crash Site", 
        "a6aeb007-d54b-4d70-a376-7fceb0d30959": "Anchorage midden-underwater", 
        "60a6526d-ada7-46c8-822a-9bfb56e4a09e": "Artifact scatter-dense (> 2 per sq meter)", 
        "e7ae4201-2b8f-4898-b0ad-0fca4b946234": "Artifact scatter-low density (< 2 per sq meter)", 
        "67341ae6-88bf-4205-8c7f-e27a77ac6af4": "Bridge Remains", 
        "46e0eff3-207c-467d-95e4-ac72035d2c12": "Building remains", 
        "3d5e4f34-ef1d-41f6-9685-90ee56d79924": "CCC camp (forest)", 
        "201e933a-0d21-4a7f-bee9-a970931f4e30": "Campsite (prehistoric)", 
        "9646e69f-1da4-47ba-af9c-480f9e5ab342": "Canal", 
        "5b386964-408c-4ed7-be59-964628db9605": "Careening midden-underwater", 
        "3f4613c7-c5eb-4a6c-9541-17297bb2ca1b": "Cave or rockshelter", 
        "0a6b1ab8-85f1-469f-8d66-0cdcf4a0eb9c": "Cave/Sink-subterranean-aquatic", 
        "4598599a-e55c-48f2-83c6-778fcd484220": "Cave/Sink-subterranean-intermittently flooded", 
        "739627d4-3928-41fc-b370-54aec929a421": "Cave/Sink-subterranean-terrestrial", 
        "e2319a4b-ab0a-45c4-9427-f3093c5e21f2": "Ceramic scatter", 
        "8c8b5822-fab9-4019-ac60-487322631bbe": "Cistern", 
        "c186bcc1-0dc3-4444-9d3d-1263b704e2d2": "Clay pit", 
        "88b68ca4-30ba-4a17-8516-d4e889841122": "Cotton mill", 
        "cdfaa7ff-5252-4e09-819c-40de691c2cee": "Destroyed", 
        "867acba7-715b-41e1-a450-9cca90038ce6": "Domiciliary mound--platform for a house", 
        "52f50609-57e0-4978-8683-4efb71be10a2": "Farmstead", 
        "e254dbb0-6644-4696-a9c5-658976c0eab9": "Freshwater submerged site", 
        "61e88c6b-4d99-4fd2-960a-861dfc80da98": "Government-related", 
        "85b52f4e-2e2c-474c-a57a-affd51c82314": "Grist mill", 
        "cd750317-61f5-4b30-b783-e97aa6d731d0": "Habitation (prehistoric)", 
        "7841463f-97e0-4a44-96fb-9e51da389f83": "Historic Petrogylph-carving or inscription on rock", 
        "97504a21-a6b0-4c68-9681-20cf26668765": "Historic Square", 
        "651026a3-32f1-4948-937c-6b3c364ebcad": "Historic burial(s)", 
        "6f1312c5-7f25-4497-bcd4-544198de23dc": "Historic earthworks", 
        "1e48b3c3-c36f-49cc-952e-ef78cec160f6": "Historic fort", 
        "369d06b8-c5ab-40f8-a03c-e2505e9b78c7": "Historic mine, phosphate or other", 
        "db7e25db-c905-49cb-a526-4e97e7e3b349": "Historic park or plaza", 
        "5f5bd951-3290-49ad-ad97-a7e2ba3bc7f7": "Historic refuse / Dump", 
        "1fb39846-1ca0-434a-b16b-06afd6ea633c": "Historic refuse / dump", 
        "26f901a9-5844-40fc-8d2b-717e8027b08e": "Historic road segment", 
        "50cda7d2-cc88-4c9f-8e93-b17fca1081d5": "Historic shipwreck", 
        "99b95486-1a06-4840-9029-4cc132c6af92": "Historic town", 
        "a21c1f47-1a1e-445d-8f06-22e9236b516c": "Historic well", 
        "12663c98-e9b8-466b-a033-197c43310e8b": "Homestead", 
        "6c1710cc-254d-4c37-abb8-d3a154cd9c7f": "House", 
        "529cb8af-0bc4-4936-8204-096567a3f551": "Human remains noted at site", 
        "a5fc3208-72d5-40c6-bb1c-37f4b175ae1e": "Indeterminate", 
        "d8fb51e7-5c9c-42f4-a5cb-f8a1e00a7097": "Industrial", 
        "421e1dfd-1f12-44fc-9d39-e3539eadf0a3": "Inundated land site", 
        "74442cd7-dd36-4fc6-8a5c-22e4e0111402": "Kiln for firing ceramics", 
        "3aa2befc-7676-41cd-8e0b-543403606b74": "Lake/Pond-lacustrine", 
        "2bb6da1c-a0c6-4fc7-a271-78a1293ecb9a": "Land-terrestrial", 
        "9dcfa12e-c68f-480a-b713-dbe9f652adf9": "Lighthouse", 
        "bfd2879c-91b6-4059-9838-bef31c4b5351": "Lithic scatter/quarry (prehistoric: no ceramics)", 
        "1784e7e9-7579-4d33-957d-1118cffb9bc2": "Log Boat - Historic or Prehistoric", 
        "18050295-d2a8-4e65-9cc3-d73711c67258": "Lumber mill", 
        "c87889dc-1944-41f6-834b-0e71ea918450": "Military", 
        "887041bf-f399-4317-8ed0-67b94c5d3dc5": "Military battleground", 
        "a467bbf3-179d-4e8d-adbe-09a0bc28e0d2": "Military encampment", 
        "6c8ddc91-a754-4eac-97b5-6b5328f4a076": "Mill of unspecified function", 
        "392a601c-c657-43f5-a7d3-352b079d7208": "Mission of Spanish Colonial heritage", 
        "9a3905e8-b2b6-4353-aed8-5e8e5370e495": "Naval stores-related", 
        "e284e9c8-c5a6-40b4-bf9f-9b32236c70bf": "No field investigation--record based on informant", 
        "36ce0b18-7a06-41ad-9b3c-4c3afb1b6fd3": "No field investigation--reported by remote sensing", 
        "52024bab-a349-4007-ac04-09aeca8331dd": "Nonartifactual site: no definite artifacts seen", 
        "46f3f413-233c-4f89-ad29-e4661a3aa16f": "Noncultural", 
        "8582d9f3-2736-4408-8409-5b9ab0f6d344": "Old field (historic)", 
        "6d7c22ba-10ba-45e0-b17f-052b33c2994e": "Other", 
        "ceea2457-1d13-47a2-b3ae-609d0a99a0d5": "Paleontological in addition to cultural evidence", 
        "a5fc2446-b33d-44a6-8de3-87b9e44d1145": "Plantation", 
        "a57e8c40-9280-4e93-8273-c802b0093a89": "Platform mound (prehistoric)", 
        "80827f37-9c2c-4757-88d8-55b697884d0e": "Prehist. Petrogylph-carving or inscription on rock", 
        "6a4da43a-e79a-4e7f-9d00-3f74ab58f4aa": "Prehistoric burial mound(s)", 
        "3633f32a-726d-44af-8571-3bd9800cce91": "Prehistoric burial(s)", 
        "b952144e-01d0-4b35-b6d4-015887352917": "Prehistoric earthworks", 
        "75790736-1407-48a3-8f26-3cee68961678": "Prehistoric lithics only, but not quarry", 
        "f1a92022-bcfb-44e8-9358-5599bb909226": "Prehistoric midden(s)", 
        "cf721d39-1f09-4001-871a-70080bbb2bfe": "Prehistoric mound(s)", 
        "8b00905c-c7ff-46f1-a261-e12a4729afcb": "Prehistoric quarry", 
        "dfeb5c9a-3d83-4d23-b43d-e2aad7a85039": "Prehistoric shell midden", 
        "6355c63f-8a03-419f-8494-399570162b41": "Prehistoric shell mound(s)", 
        "7f80af7a-8458-4eb1-950f-050f9538ebff": "Prehistoric shell ring", 
        "3c57e456-056e-4497-8c3d-b2c8c34084f3": "Prehistoric shell scatter", 
        "255ece4c-6eb4-4470-be1c-4a7b92463e48": "Railroad grade segment", 
        "af836d45-382a-450a-9f9e-b7238b0a3e2f": "Recorded from historic maps/documents only", 
        "15681af8-57ed-4a79-990b-901656b095b0": "Redeposited site (from this location)", 
        "19842b26-02ff-4e4e-8de8-ce521ff3c502": "Redeposited site (to this location)", 
        "0f742664-9f5f-4124-8533-7236f327319f": "River/Stream/Creek-riverine", 
        "398f4649-40b1-4650-b53f-4e94dacd9277": "Saltwater submerged site", 
        "bc25bf4f-a3dc-4d19-89ba-23c25b89ee3e": "Saltwater-marine-\"high energy\"", 
        "63563305-8480-485e-8270-b84aa0416191": "Saltwater-marine-\"low energy\"", 
        "7f94c541-5c0b-4b1f-afc8-b2756f6baff4": "Saltworks", 
        "1134fd19-6832-4ee8-bae1-56b00d4cf55b": "Shell ridge (relict)", 
        "75469b6e-f3fc-4eec-9951-a354cacd02ae": "Shrine", 
        "65604191-98c2-46a4-a551-672da175ae04": "Single artifact or isolated find", 
        "ecb0fa66-6505-40cf-a510-12ca636506c6": "Specialized site for procurement of raw materials", 
        "deff674e-d728-434b-9235-1190c334b5b7": "Still for distilling alcoholic spirits", 
        "89eb6c0b-22ca-4066-a57a-31fe12100c46": "Store site or ruin", 
        "febd7f9a-d2d5-43e4-9280-fd4f35b0dc24": "Subsurface features are present", 
        "312d69b1-edcf-47b4-a2c1-2d577f97b14f": "Sugar mill", 
        "5f66885a-73f9-4754-bc3d-9da4497d4f15": "Tidal-estuarine", 
        "8a49d328-acad-4ce7-8370-f324b30c7fad": "Turpentine camp", 
        "16bd7281-94b4-4728-8791-2aa4e89d719c": "Underwater", 
        "62808167-32b4-4d53-a243-a60fd72ef6c2": "Underwater disposal midden", 
        "fab3ef0a-58da-4fa9-9fc7-70c0c2b3a8c9": "Unknown", 
        "15722574-ed91-466c-a8cf-878042dda351": "Unspecified by the recorder", 
        "af1a858a-f670-4fbe-a735-1b28dda4ff01": "Variable density scatter of artifacts", 
        "f6a74cd2-01cd-4de4-ae48-d96dc6be4067": "Wall", 
        "9a4934d5-56bf-49e9-b48b-f5973035f6c3": "Water control structure or dam", 
        "159724b0-2f00-413b-8b57-dbfebcd55898": "Wetland", 
        "c54a38bf-d37c-4e28-8935-9e7b4f878404": "Wetland-palustrine-sometimes flooded", 
        "668c491c-3192-4eb0-99da-aba6d7d99b2b": "Wetland-palustrine-usually dry", 
        "6854707b-3cd0-4b27-81d1-3e66e463b33d": "Wharf / Dock / Pier", 
        "7a64b5c7-6b5e-4730-bbc2-a0dff0860fc7": "Wharf midden-underwater"
    }, 
    "Visit Time of Day": {
        "0b2e1622-4a22-4df5-b50d-83a5649317bd": "Afternoon", 
        "5f79916c-315b-4cc6-aff4-487bb9e5bbef": "Evening", 
        "3da759e4-d185-4a8d-be57-28d517160cfb": "Morning"
    }, 
    "Plot Type": {
        "4a8340fa-d0bd-4035-a2a4-2f68a104f1f6": "GV", 
        "62ac28a5-b628-4c71-9c8d-94bb4fbfdf6d": "NORM"
    }
}