{
    "Priority": {
        "6475fae7-797d-4c40-b7d7-d6070ed38958": "High", 
        "71ecc9bf-1cda-47aa-a5e2-c05ecaf8bb4b": "Low", 
        "3af799ea-5188-4422-8b24-5f341f92c576": "Medium"
    }, 
    "Managing Agency": {
        "e6c345a1-fd17-4691-8415-48690cb6380b": "FL Dept. of Agriculture and Consumer Services, Florida Forest Service", 
        "13988bf3-497a-4ce5-9d34-a50c7fce23fb": "FL Dept. of Environmental Protection, Div. of Recreation and Parks", 
        "c9d7b1f2-11d3-4452-b2e2-ba8501d2adc8": "FL Dept. of Environmental Protection, Florida Coastal Office", 
        "9c0ea5ed-7d91-4905-85b3-fc00fb6b275f": "FL Fish and Wildlife Conservation Commission"
    }, 
    "Plot Method": {
        "43dea8e8-3dd6-494c-b7e2-d7e2e7750b34": "D", 
        "f21b3330-c64c-460d-b6c7-d28dc7fc91b1": "M", 
        "2fc96b3a-5874-4aec-bc28-92838b764c9e": "X"
    }, 
    "Yes or No": {
        "40e034ec-263c-465e-afd6-e22380d8c339": "NO", 
        "c034d3e2-a004-4589-a112-0252bc31c689": "YES"
    }, 
    "Visible Artifacts": {
        "360157b2-162d-4dde-b44c-f401c4acdf85": "Architectural", 
        "a3b974b8-16bd-44d3-87d2-c565cdbe4061": "Glass", 
        "497e554c-fb93-4d2c-8ec3-a1a4bc28997d": "Historic ceramics", 
        "caf4fecb-d308-40be-9bda-cbded7109474": "Lithics", 
        "561f2f7e-92a2-4cf3-bb9d-3264f7390775": "Other (describe below)", 
        "c1c172a6-c7d8-4806-9957-74c9ebc7f99a": "Prehistoric pottery", 
        "a5581ca6-1da5-4144-a53f-5a066219f6ce": "Shell tool"
    }, 
    "Visit Type": {
        "395b456e-ee37-486a-aa4d-161502ef1f52": "Follow-up", 
        "916a56f4-013e-4c61-82b0-9eca1cc20420": "Initial"
    }, 
    "Resource to Resource Relationship Types": {
        "ac41d9be-79db-4256-b368-2f4559cfbe55": "is related to"
    }, 
    "SHPO Significance": {
        "efddfc83-a9a6-4760-8634-4f6d7eb6f950": "Eligible for NRHP", 
        "ef8642bd-c558-4914-b544-0dd966987e42": "Ineligible for NRHP", 
        "313bb781-3c7c-456d-9b11-9b0ed980cee7": "Insufficient Information", 
        "6fdf6bd2-7ad4-4a6e-941d-013a11fc9028": "Not Evaluated by SHPO", 
        "a9f511f1-ea2b-45fc-85c0-753cd03244fc": "Potentially Eligible for NRHP"
    }, 
    "Managed Area Category": {
        "91531c69-fa67-40e0-87a2-4521811fdd78": "Aquatic Preserve", 
        "5defe181-f6ef-41fa-9906-51d4cf8d6e6a": "Fish and Wildlife Conservation Commission", 
        "868cf814-2870-46e7-b501-7b8f8b42df83": "State Forest", 
        "e253e5a4-9c82-45e2-9cd1-5b2dc2eae407": "State Parks"
    }, 
    "Surveyor Evaluation": {
        "f2e2a90a-3b59-434c-92b3-e7092f7755ba": "Eligible for NRHP", 
        "66517b97-1c9e-4c1f-9c4b-4da30ae186b9": "Ineligible for NRHP", 
        "98883116-74d7-4533-9ce3-798098cf60e6": "Insufficient Information", 
        "ad7e2b77-e0ef-44c6-b776-d06461b4eb08": "Likely NRHP Eligible", 
        "66885eee-91e3-4cfe-86f3-66cb75166bad": "More Work Recommended", 
        "8a8c9434-e6fc-4faa-94c2-e6d6e4b2b971": "No Further Work Recommended", 
        "68242687-a1bd-4725-97bf-b9beeb226b22": "Not Evaluated by Recorder", 
        "48556455-c28b-4481-869d-9fbf23cbca02": "Preservation Not Recommended", 
        "a7d2ba07-c58c-4c30-ae46-588e09bb1271": "Preservation Recommended"
    }, 
    "Location Verification": {
        "b32ddf3e-753b-4c97-b113-dd673b9edaf8": "Mission location verified", 
        "66248378-2209-4f3f-930c-2896ae455730": "Site could not be found", 
        "ef817be4-59d5-49ae-bf4e-d58fb78f3324": "Site found but in different location"
    }, 
    "Regions": {
        "040d91ea-6984-4a56-9e72-64f87834e145": "Central", 
        "bded0c6f-e2ab-4177-84e1-de69c69cd6e5": "East Central", 
        "4cc0e31e-bd46-4632-9c36-5f3c2628ef64": "North Central", 
        "258e213d-a47a-4545-9a94-7ab1449d9f67": "Northeast", 
        "5c97e64d-8598-482a-bbcd-e61684f34389": "Northwest", 
        "a74fec7a-75da-4faf-8e56-d8af1ce8d5e6": "Southeast", 
        "14e1f3bb-d8a6-42fa-a375-c03a0bd89b53": "Southwest", 
        "602d53f7-f371-4603-8e5b-40e2b341cb94": "West Central"
    }, 
    "SurveyorEvaluationDist": {
        "1a8a46b5-d1c4-497b-b0bb-c7575c77fef0": "Ineligible as contributor to NR district", 
        "33c34c00-bc75-46f2-af64-9212c8eb3c8d": "Insufficient data to judge eligibility", 
        "8907ca4c-4a43-4a54-a306-8d3fb29da174": "Likely contributor to NR district", 
        "a55f91cc-dd64-4c83-9648-3ac005363dbb": "More work recommended", 
        "d5fd3546-6d04-4dea-ae8c-484ee66f2eb9": "No further work recommended", 
        "e6c9c220-09f3-4e3b-ad9a-7bb45a91f689": "Not Evaluated by Recorder", 
        "53247ecf-0e82-414f-8a8f-0af397373f80": "Potential contributor to NR district", 
        "74c682bb-da01-4de1-b3d5-54832c3c5404": "Preservation not recommended", 
        "2b8c7210-4349-4b07-88a5-21890ef522cd": "Preservation recommended"
    }, 
    "Threats": {
        "180efc49-4660-4650-b7bb-d9ec6fd1cec9": "Active Erosion", 
        "81178803-cfb1-4d23-b7dd-87fd6bc35b39": "Animal disturbance", 
        "374974c9-ac1c-4079-a89a-6ab886e044eb": "Development", 
        "68e804cf-2bd4-45dc-a0b7-7fb7488ad3c2": "Flooding", 
        "f4d226a6-8378-4f52-9bc9-809f344607a3": "Other (describe below)", 
        "f03f8806-2351-423b-b9f0-d98f0a37fafc": "Storm surge", 
        "813c4266-3309-416b-9031-f4e4d4ad6678": "Vegetation growth", 
        "371aa906-c034-4e36-9b1b-6677ec31bdc3": "Vehicle damage", 
        "a8c78e50-0c8f-46f1-b6a7-50f280cb9c63": "Visitor traffic", 
        "18e9458f-4893-4e79-84d8-01d9b8dca5c2": "Wave action", 
        "6a1c8d3a-159a-4003-9361-f0d379f06698": "Wind"
    }, 
    "Site Culture": "Site Culture does not appear to be configured with a valid concept collectionid", 
    "Ownership": {
        "bd34e35e-7b2a-46a3-9557-2b764a2a1785": "City", 
        "c57a4eba-2a25-465d-8760-d720550b47f0": "County", 
        "04a98be3-d01c-4390-9f8c-dec5504b2159": "Federal", 
        "00ca9b7e-1c34-452e-ac99-90a9f6a3f394": "Foreign", 
        "5aac72dc-ae0a-402d-b532-bdaceee83e8e": "Local government", 
        "8ca351b6-13de-408a-b903-a9822cc6ae0b": "Multiple categories of ownership", 
        "1fe6e515-2b32-4024-8944-d5e428838851": "Native American", 
        "164a94cc-165b-4f97-bcff-7b2b7f21144a": "Other", 
        "a6e13fca-16e4-49bb-ae3d-ab68181d9a97": "Private-corporate-for profit", 
        "e107fd5d-3097-4140-a703-51c48a9bb65c": "Private-corporate-nonprofit", 
        "f6fcabaf-b7a8-48eb-85e5-1e70910cfc33": "Private-individual", 
        "e4553e69-8d32-46a3-86dc-6cc7a6613066": "Private-unspecified", 
        "a705acba-8e8a-44bb-be42-af007a58d3dc": "Public-unspecified", 
        "269c96fb-98e1-42fb-8fe2-145757795863": "State", 
        "8ca643f2-e717-492d-85dd-3272d174b2e8": "Unknown", 
        "f6c8c171-2af2-42b8-9f70-4658eff57a6a": "Unspecified by surveyor"
    }, 
    "Recommendation": {
        "a29bd7cd-aea6-461d-963b-6cd6d4cae40a": "Defense", 
        "25a2868f-bc77-4246-954a-851a271d962b": "FMSF update", 
        "2455d32d-d1c0-4bd9-b47a-6ba4877c885d": "Other", 
        "f953f862-4cdd-4564-a0d1-0db9f693db8a": "Repeat visit"
    }, 
    "Overall Site Condition": {
        "5bafbd5f-8e25-4db3-8e23-a730c633d2f7": "Fair = Declining", 
        "3696827d-9da2-4b0d-a892-7c320f2da9f9": "Good = Stable", 
        "948ef076-d14c-4cb3-9713-f780463a5a3c": "Poor = Unstable"
    }, 
    "Site Type": {
        "4c9d681d-267c-461e-8b55-d44d5d1302e4": "Agriculture/Farm structure", 
        "d1c3dca8-70c4-4e64-b543-ebee467dd41d": "Aircraft Wreckage/Crash Site", 
        "a6aeb007-d54b-4d70-a376-7fceb0d30959": "Anchorage midden-underwater", 
        "60a6526d-ada7-46c8-822a-9bfb56e4a09e": "Artifact scatter-dense (> 2 per sq meter)", 
        "e7ae4201-2b8f-4898-b0ad-0fca4b946234": "Artifact scatter-low density (< 2 per sq meter)", 
        "67341ae6-88bf-4205-8c7f-e27a77ac6af4": "Bridge Remains", 
        "46e0eff3-207c-467d-95e4-ac72035d2c12": "Building remains", 
        "3d5e4f34-ef1d-41f6-9685-90ee56d79924": "CCC camp (forest)", 
        "201e933a-0d21-4a7f-bee9-a970931f4e30": "Campsite (prehistoric)", 
        "9646e69f-1da4-47ba-af9c-480f9e5ab342": "Canal", 
        "5b386964-408c-4ed7-be59-964628db9605": "Careening midden-underwater", 
        "3f4613c7-c5eb-4a6c-9541-17297bb2ca1b": "Cave or rockshelter", 
        "0a6b1ab8-85f1-469f-8d66-0cdcf4a0eb9c": "Cave/Sink-subterranean-aquatic", 
        "4598599a-e55c-48f2-83c6-778fcd484220": "Cave/Sink-subterranean-intermittently flooded", 
        "739627d4-3928-41fc-b370-54aec929a421": "Cave/Sink-subterranean-terrestrial", 
        "e2319a4b-ab0a-45c4-9427-f3093c5e21f2": "Ceramic scatter", 
        "8c8b5822-fab9-4019-ac60-487322631bbe": "Cistern", 
        "c186bcc1-0dc3-4444-9d3d-1263b704e2d2": "Clay pit", 
        "88b68ca4-30ba-4a17-8516-d4e889841122": "Cotton mill", 
        "cdfaa7ff-5252-4e09-819c-40de691c2cee": "Destroyed", 
        "867acba7-715b-41e1-a450-9cca90038ce6": "Domiciliary mound--platform for a house", 
        "52f50609-57e0-4978-8683-4efb71be10a2": "Farmstead", 
        "e254dbb0-6644-4696-a9c5-658976c0eab9": "Freshwater submerged site", 
        "61e88c6b-4d99-4fd2-960a-861dfc80da98": "Government-related", 
        "85b52f4e-2e2c-474c-a57a-affd51c82314": "Grist mill", 
        "cd750317-61f5-4b30-b783-e97aa6d731d0": "Habitation (prehistoric)", 
        "7841463f-97e0-4a44-96fb-9e51da389f83": "Historic Petrogylph-carving or inscription on rock", 
        "97504a21-a6b0-4c68-9681-20cf26668765": "Historic Square", 
        "651026a3-32f1-4948-937c-6b3c364ebcad": "Historic burial(s)", 
        "6f1312c5-7f25-4497-bcd4-544198de23dc": "Historic earthworks", 
        "1e48b3c3-c36f-49cc-952e-ef78cec160f6": "Historic fort", 
        "369d06b8-c5ab-40f8-a03c-e2505e9b78c7": "Historic mine, phosphate or other", 
        "db7e25db-c905-49cb-a526-4e97e7e3b349": "Historic park or plaza", 
        "5f5bd951-3290-49ad-ad97-a7e2ba3bc7f7": "Historic refuse / Dump", 
        "1fb39846-1ca0-434a-b16b-06afd6ea633c": "Historic refuse / dump", 
        "26f901a9-5844-40fc-8d2b-717e8027b08e": "Historic road segment", 
        "50cda7d2-cc88-4c9f-8e93-b17fca1081d5": "Historic shipwreck", 
        "99b95486-1a06-4840-9029-4cc132c6af92": "Historic town", 
        "a21c1f47-1a1e-445d-8f06-22e9236b516c": "Historic well", 
        "12663c98-e9b8-466b-a033-197c43310e8b": "Homestead", 
        "6c1710cc-254d-4c37-abb8-d3a154cd9c7f": "House", 
        "529cb8af-0bc4-4936-8204-096567a3f551": "Human remains noted at site", 
        "a5fc3208-72d5-40c6-bb1c-37f4b175ae1e": "Indeterminate", 
        "d8fb51e7-5c9c-42f4-a5cb-f8a1e00a7097": "Industrial", 
        "421e1dfd-1f12-44fc-9d39-e3539eadf0a3": "Inundated land site", 
        "74442cd7-dd36-4fc6-8a5c-22e4e0111402": "Kiln for firing ceramics", 
        "3aa2befc-7676-41cd-8e0b-543403606b74": "Lake/Pond-lacustrine", 
        "2bb6da1c-a0c6-4fc7-a271-78a1293ecb9a": "Land-terrestrial", 
        "9dcfa12e-c68f-480a-b713-dbe9f652adf9": "Lighthouse", 
        "bfd2879c-91b6-4059-9838-bef31c4b5351": "Lithic scatter/quarry (prehistoric: no ceramics)", 
        "1784e7e9-7579-4d33-957d-1118cffb9bc2": "Log Boat - Historic or Prehistoric", 
        "18050295-d2a8-4e65-9cc3-d73711c67258": "Lumber mill", 
        "c87889dc-1944-41f6-834b-0e71ea918450": "Military", 
        "887041bf-f399-4317-8ed0-67b94c5d3dc5": "Military battleground", 
        "a467bbf3-179d-4e8d-adbe-09a0bc28e0d2": "Military encampment", 
        "6c8ddc91-a754-4eac-97b5-6b5328f4a076": "Mill of unspecified function", 
        "392a601c-c657-43f5-a7d3-352b079d7208": "Mission of Spanish Colonial heritage", 
        "9a3905e8-b2b6-4353-aed8-5e8e5370e495": "Naval stores-related", 
        "e284e9c8-c5a6-40b4-bf9f-9b32236c70bf": "No field investigation--record based on informant", 
        "36ce0b18-7a06-41ad-9b3c-4c3afb1b6fd3": "No field investigation--reported by remote sensing", 
        "52024bab-a349-4007-ac04-09aeca8331dd": "Nonartifactual site: no definite artifacts seen", 
        "46f3f413-233c-4f89-ad29-e4661a3aa16f": "Noncultural", 
        "8582d9f3-2736-4408-8409-5b9ab0f6d344": "Old field (historic)", 
        "6d7c22ba-10ba-45e0-b17f-052b33c2994e": "Other", 
        "ceea2457-1d13-47a2-b3ae-609d0a99a0d5": "Paleontological in addition to cultural evidence", 
        "a5fc2446-b33d-44a6-8de3-87b9e44d1145": "Plantation", 
        "a57e8c40-9280-4e93-8273-c802b0093a89": "Platform mound (prehistoric)", 
        "80827f37-9c2c-4757-88d8-55b697884d0e": "Prehist. Petrogylph-carving or inscription on rock", 
        "6a4da43a-e79a-4e7f-9d00-3f74ab58f4aa": "Prehistoric burial mound(s)", 
        "3633f32a-726d-44af-8571-3bd9800cce91": "Prehistoric burial(s)", 
        "b952144e-01d0-4b35-b6d4-015887352917": "Prehistoric earthworks", 
        "75790736-1407-48a3-8f26-3cee68961678": "Prehistoric lithics only, but not quarry", 
        "f1a92022-bcfb-44e8-9358-5599bb909226": "Prehistoric midden(s)", 
        "cf721d39-1f09-4001-871a-70080bbb2bfe": "Prehistoric mound(s)", 
        "8b00905c-c7ff-46f1-a261-e12a4729afcb": "Prehistoric quarry", 
        "dfeb5c9a-3d83-4d23-b43d-e2aad7a85039": "Prehistoric shell midden", 
        "6355c63f-8a03-419f-8494-399570162b41": "Prehistoric shell mound(s)", 
        "7f80af7a-8458-4eb1-950f-050f9538ebff": "Prehistoric shell ring", 
        "3c57e456-056e-4497-8c3d-b2c8c34084f3": "Prehistoric shell scatter", 
        "255ece4c-6eb4-4470-be1c-4a7b92463e48": "Railroad grade segment", 
        "af836d45-382a-450a-9f9e-b7238b0a3e2f": "Recorded from historic maps/documents only", 
        "15681af8-57ed-4a79-990b-901656b095b0": "Redeposited site (from this location)", 
        "19842b26-02ff-4e4e-8de8-ce521ff3c502": "Redeposited site (to this location)", 
        "0f742664-9f5f-4124-8533-7236f327319f": "River/Stream/Creek-riverine", 
        "398f4649-40b1-4650-b53f-4e94dacd9277": "Saltwater submerged site", 
        "bc25bf4f-a3dc-4d19-89ba-23c25b89ee3e": "Saltwater-marine-\"high energy\"", 
        "63563305-8480-485e-8270-b84aa0416191": "Saltwater-marine-\"low energy\"", 
        "7f94c541-5c0b-4b1f-afc8-b2756f6baff4": "Saltworks", 
        "1134fd19-6832-4ee8-bae1-56b00d4cf55b": "Shell ridge (relict)", 
        "75469b6e-f3fc-4eec-9951-a354cacd02ae": "Shrine", 
        "65604191-98c2-46a4-a551-672da175ae04": "Single artifact or isolated find", 
        "ecb0fa66-6505-40cf-a510-12ca636506c6": "Specialized site for procurement of raw materials", 
        "deff674e-d728-434b-9235-1190c334b5b7": "Still for distilling alcoholic spirits", 
        "89eb6c0b-22ca-4066-a57a-31fe12100c46": "Store site or ruin", 
        "febd7f9a-d2d5-43e4-9280-fd4f35b0dc24": "Subsurface features are present", 
        "312d69b1-edcf-47b4-a2c1-2d577f97b14f": "Sugar mill", 
        "5f66885a-73f9-4754-bc3d-9da4497d4f15": "Tidal-estuarine", 
        "8a49d328-acad-4ce7-8370-f324b30c7fad": "Turpentine camp", 
        "16bd7281-94b4-4728-8791-2aa4e89d719c": "Underwater", 
        "62808167-32b4-4d53-a243-a60fd72ef6c2": "Underwater disposal midden", 
        "fab3ef0a-58da-4fa9-9fc7-70c0c2b3a8c9": "Unknown", 
        "15722574-ed91-466c-a8cf-878042dda351": "Unspecified by the recorder", 
        "af1a858a-f670-4fbe-a735-1b28dda4ff01": "Variable density scatter of artifacts", 
        "f6a74cd2-01cd-4de4-ae48-d96dc6be4067": "Wall", 
        "9a4934d5-56bf-49e9-b48b-f5973035f6c3": "Water control structure or dam", 
        "159724b0-2f00-413b-8b57-dbfebcd55898": "Wetland", 
        "c54a38bf-d37c-4e28-8935-9e7b4f878404": "Wetland-palustrine-sometimes flooded", 
        "668c491c-3192-4eb0-99da-aba6d7d99b2b": "Wetland-palustrine-usually dry", 
        "6854707b-3cd0-4b27-81d1-3e66e463b33d": "Wharf / Dock / Pier", 
        "7a64b5c7-6b5e-4730-bbc2-a0dff0860fc7": "Wharf midden-underwater"
    }, 
    "Visit Time of Day": {
        "0b2e1622-4a22-4df5-b50d-83a5649317bd": "Afternoon", 
        "5f79916c-315b-4cc6-aff4-487bb9e5bbef": "Evening", 
        "3da759e4-d185-4a8d-be57-28d517160cfb": "Morning"
    }, 
    "Plot Type": {
        "4a8340fa-d0bd-4035-a2a4-2f68a104f1f6": "GV", 
        "62ac28a5-b628-4c71-9c8d-94bb4fbfdf6d": "NORM"
    }
}