{
    "Ethnic Groups Interred": {
        "f019d236-0871-430e-b4c1-9346fe6c1c10": "African American", 
        "bd2dee5c-7d5e-4e48-8344-4a4c0c1b22bf": "Asian", 
        "245d1032-7318-4d1d-9bf6-8200631292bb": "Caribbean", 
        "00b0f34b-d6af-4a5c-b0a6-50b5ef4ea966": "Hispanic", 
        "78244fb5-20df-447a-a680-a1fb49bd5185": "Native American", 
        "d7f933f1-8bb6-4f4e-a57f-242bb62f4c58": "Other", 
        "5e14dd1f-d643-4b5b-948c-f4ea9a43f687": "Unknown", 
        "27560db4-d18c-4afe-a8d1-25f2a885346d": "Unspecified by surveyor", 
        "73e41d30-f516-4614-8b2f-c32fb5b4ce66": "White, Non-Hispanic"
    }, 
    "Priority": {
        "6475fae7-797d-4c40-b7d7-d6070ed38958": "High", 
        "71ecc9bf-1cda-47aa-a5e2-c05ecaf8bb4b": "Low", 
        "3af799ea-5188-4422-8b24-5f341f92c576": "Medium"
    }, 
    "Managing Agency": {
        "e6c345a1-fd17-4691-8415-48690cb6380b": "FL Dept. of Agriculture and Consumer Services, Florida Forest Service", 
        "13988bf3-497a-4ce5-9d34-a50c7fce23fb": "FL Dept. of Environmental Protection, Div. of Recreation and Parks", 
        "c9d7b1f2-11d3-4452-b2e2-ba8501d2adc8": "FL Dept. of Environmental Protection, Florida Coastal Office", 
        "9c0ea5ed-7d91-4905-85b3-fc00fb6b275f": "FL Fish and Wildlife Conservation Commission"
    }, 
    "Plot Method": {
        "c7ca26c7-2835-4fbe-a4a5-0ca6dfd08684": "D", 
        "7d37c2e8-d8e7-461e-82e5-cb622eb5f8df": "M", 
        "e55cbcb9-c0e4-47b8-b006-a222923980f4": "X"
    }, 
    "Threats": {
        "180efc49-4660-4650-b7bb-d9ec6fd1cec9": "Active Erosion", 
        "81178803-cfb1-4d23-b7dd-87fd6bc35b39": "Animal disturbance", 
        "374974c9-ac1c-4079-a89a-6ab886e044eb": "Development", 
        "68e804cf-2bd4-45dc-a0b7-7fb7488ad3c2": "Flooding", 
        "f4d226a6-8378-4f52-9bc9-809f344607a3": "Other (describe below)", 
        "f03f8806-2351-423b-b9f0-d98f0a37fafc": "Storm surge", 
        "813c4266-3309-416b-9031-f4e4d4ad6678": "Vegetation growth", 
        "371aa906-c034-4e36-9b1b-6677ec31bdc3": "Vehicle damage", 
        "a8c78e50-0c8f-46f1-b6a7-50f280cb9c63": "Visitor traffic", 
        "18e9458f-4893-4e79-84d8-01d9b8dca5c2": "Wave action", 
        "6a1c8d3a-159a-4003-9361-f0d379f06698": "Wind"
    }, 
    "Cemetery Status": {
        "d9127fc5-7207-49a1-a023-f73a4bd01abb": "Abandoned", 
        "b42e9dbe-f363-4e4c-a9fe-f13e1f364bb1": "Maintained But Not Used", 
        "e16f5b64-9dfb-4b8b-842b-5195cd621494": "Unspecified by Surveyor", 
        "88b372f0-2da1-4784-934a-3de0dd92f399": "Used for Burials"
    }, 
    "Visit Type": {
        "395b456e-ee37-486a-aa4d-161502ef1f52": "Follow-up", 
        "916a56f4-013e-4c61-82b0-9eca1cc20420": "Initial"
    }, 
    "Visible Artifacts": {
        "360157b2-162d-4dde-b44c-f401c4acdf85": "Architectural", 
        "a3b974b8-16bd-44d3-87d2-c565cdbe4061": "Glass", 
        "497e554c-fb93-4d2c-8ec3-a1a4bc28997d": "Historic ceramics", 
        "caf4fecb-d308-40be-9bda-cbded7109474": "Lithics", 
        "561f2f7e-92a2-4cf3-bb9d-3264f7390775": "Other (describe below)", 
        "c1c172a6-c7d8-4806-9957-74c9ebc7f99a": "Prehistoric pottery", 
        "a5581ca6-1da5-4144-a53f-5a066219f6ce": "Shell tool"
    }, 
    "SHPO Significance": {
        "92ab7b9c-3bd6-4c1b-bc92-7a7dccc610bf": "Eligible for NRHP", 
        "2d718e7f-5a12-49e4-be9b-02691ba9b1b1": "Ineligible for NRHP", 
        "a76edebc-6762-4040-b0a0-e40911b65b47": "Insufficient Information", 
        "3bf9f8e1-7068-49c8-a618-3a2c85c586cc": "Not Evaluated by SHPO", 
        "d8df409d-9f81-4efa-a85e-c6fa7ab21ec9": "Potentially Eligible for NRHP"
    }, 
    "Cemetery Type": {
        "dd424288-dbe4-4e13-8ed2-a73bbb01ccdf": "Cemetery associated with a religion or church", 
        "98b229e0-f44f-4f3a-9ecb-bd401f5d3f8e": "Cemetery that is also a memorial park", 
        "7fb4cb9f-e1bc-4c14-ad25-fde4c3a7c58a": "Cemetery that was a part of the Rural Movement", 
        "3f274c62-cdeb-49ec-9e7f-2ee3ba182a1e": "Cemetery used for members of a fraternal order", 
        "3e3f60e4-1462-4263-bcc2-ed1f223f1763": "Cemetery used for victims of an epidemic", 
        "7b640d18-d045-4e16-9a6d-1ff3d3c5c7cc": "Community cemetery", 
        "990f3ce8-77d7-4c60-86b6-010294570d25": "Company town cemetery", 
        "61f8872e-d2be-4d19-b159-28116ad40817": "Family cemetery", 
        "8ab059d8-d764-471b-a53b-e7ea3a38a096": "Military (not-national) cemetery", 
        "b5b73581-0b68-4ccd-a531-d74337223550": "Municipal cemetery", 
        "91f4393c-8b04-4226-ab1d-b142fe86c155": "National cemetery", 
        "885c9972-1e78-4aaa-812f-4df2494eb27a": "Other, please explain in field directly below", 
        "de74b5d2-3b03-4fa3-9757-b9a09a953ed0": "Potters Field; cemetery used to bury destitute", 
        "8aa05c49-434d-48d0-ad8d-d2b0bb509fe9": "Prison cemetery", 
        "2d8e5f93-2938-48eb-91c6-e8b978070505": "Unknown cemetery type", 
        "0ddd7ff4-107f-42f1-a68d-58d65e964e23": "Unspecified by surveyor"
    }, 
    "Managed Area Category": {
        "91531c69-fa67-40e0-87a2-4521811fdd78": "Aquatic Preserve", 
        "5defe181-f6ef-41fa-9906-51d4cf8d6e6a": "Fish and Wildlife Conservation Commission", 
        "868cf814-2870-46e7-b501-7b8f8b42df83": "State Forest", 
        "e253e5a4-9c82-45e2-9cd1-5b2dc2eae407": "State Parks"
    }, 
    "Surveyor Evaluation": {
        "bf52abf6-2d87-4f63-aa08-85263e2f20da": "Eligible for NRHP", 
        "1cab7d2e-ad43-4ae8-8b07-f4c8739b5599": "Ineligible for NRHP", 
        "67f1cc16-89c3-40c8-bdca-c9ebd962fa5b": "Insufficient Information", 
        "8ded7f38-518a-49a5-a408-c87aae6d65f6": "Likely NRHP Eligible", 
        "71377cfe-579d-46ad-adee-1787791727b2": "More Work Recommended", 
        "3e4f4741-ef2e-4127-beeb-7c39563795bf": "No Further Work Recommended", 
        "0011a1ef-ab66-48a8-8fdb-8fe99a662a66": "Not Evaluated by Recorder", 
        "76cb4ab8-f2ad-49fc-afda-b8e70ae50399": "Preservation Not Recommended", 
        "131c229c-65c9-48de-b8d2-8b23b26b41da": "Preservation Recommended"
    }, 
    "Location Verification": {
        "b32ddf3e-753b-4c97-b113-dd673b9edaf8": "Mission location verified", 
        "66248378-2209-4f3f-930c-2896ae455730": "Site could not be found", 
        "ef817be4-59d5-49ae-bf4e-d58fb78f3324": "Site found but in different location"
    }, 
    "Regions": {
        "040d91ea-6984-4a56-9e72-64f87834e145": "Central", 
        "bded0c6f-e2ab-4177-84e1-de69c69cd6e5": "East Central", 
        "4cc0e31e-bd46-4632-9c36-5f3c2628ef64": "North Central", 
        "258e213d-a47a-4545-9a94-7ab1449d9f67": "Northeast", 
        "5c97e64d-8598-482a-bbcd-e61684f34389": "Northwest", 
        "a74fec7a-75da-4faf-8e56-d8af1ce8d5e6": "Southeast", 
        "14e1f3bb-d8a6-42fa-a375-c03a0bd89b53": "Southwest", 
        "602d53f7-f371-4603-8e5b-40e2b341cb94": "West Central"
    }, 
    "SurveyorEvaluationDist": {
        "58e629da-56b1-464c-89f9-98012536ea7b": "Ineligible as contributor to NR district", 
        "47e18500-e2fd-438c-9aba-85fe03af2e6e": "Insufficient data to judge eligibility", 
        "6a3b488d-9634-49af-b69a-160aa4c270a1": "Likely contributor to NR district", 
        "32f8a152-2c6a-4a68-b7ce-1386cfc2a6a1": "More work recommended", 
        "714b45b3-0877-4fc9-88f9-d96c65ec4592": "No further work recommended", 
        "5933a7f1-2808-4787-a155-008b3c1c9748": "Not Evaluated by Recorder", 
        "03c2c21d-c4be-4112-8c69-fcbb363a602f": "Potential contributor to NR district", 
        "5e3baad9-d14d-482f-8b6c-54ce38155b56": "Preservation not recommended", 
        "af7af13f-e124-462e-b2f9-8caff7c2bd47": "Preservation recommended"
    }, 
    "Ownership": {
        "225a0735-339c-464c-bcf4-27f33231ad29": "City", 
        "e88bb68e-f4c2-49fd-a5bf-67101831b5f0": "County", 
        "7c19dbe6-4d83-4f14-be4b-a4d063fe642d": "Federal", 
        "8dac0cb7-3ce4-4c45-bf85-e616b668e418": "Foreign", 
        "5462101e-6628-47cc-aab0-aa909f8bcca9": "Local government", 
        "565356ac-ca4c-45b9-a88b-ad7f6cc30abc": "Multiple categories of ownership", 
        "1227251a-df43-47cc-8d14-3a841b5d1958": "Native American", 
        "4210de35-48e7-4fa7-bd39-2f1e8bf25511": "Other", 
        "c357d747-593c-4d02-b338-231b68cb03d8": "Private-corporate-for profit", 
        "af967411-7adc-45ea-b827-99d839a4acc1": "Private-corporate-nonprofit", 
        "3614989f-a3cc-407d-91ae-824c938c51d7": "Private-individual", 
        "d1396e2e-ee42-4f36-b5f6-6cb62069816d": "Private-unspecified", 
        "c4c527a6-9a5b-4354-95f7-35cc4e2fe305": "Public-unspecified", 
        "6660d20e-3e5f-41b3-8bd9-27e922eae9d7": "State", 
        "b6ca9bc4-37bb-4b66-8325-75b681b9dffe": "Unknown", 
        "c34d30b3-bf7a-4f94-aecc-66981469f84d": "Unspecified by surveyor"
    }, 
    "Recommendation": {
        "a29bd7cd-aea6-461d-963b-6cd6d4cae40a": "Defense", 
        "25a2868f-bc77-4246-954a-851a271d962b": "FMSF update", 
        "2455d32d-d1c0-4bd9-b47a-6ba4877c885d": "Other", 
        "f953f862-4cdd-4564-a0d1-0db9f693db8a": "Repeat visit"
    }, 
    "Overall Site Condition": {
        "5bafbd5f-8e25-4db3-8e23-a730c633d2f7": "Fair = Declining", 
        "3696827d-9da2-4b0d-a892-7c320f2da9f9": "Good = Stable", 
        "948ef076-d14c-4cb3-9713-f780463a5a3c": "Poor = Unstable"
    }, 
    "Resource to Resource Relationship Types": {
        "ac41d9be-79db-4256-b368-2f4559cfbe55": "is related to"
    }, 
    "Visit Time of Day": {
        "0b2e1622-4a22-4df5-b50d-83a5649317bd": "Afternoon", 
        "5f79916c-315b-4cc6-aff4-487bb9e5bbef": "Evening", 
        "3da759e4-d185-4a8d-be57-28d517160cfb": "Morning"
    }, 
    "Plot Type": {
        "02ab5604-22cc-436d-9c0a-91b6a236469c": "GV", 
        "14f42fb5-3ad4-4541-bee4-96300159ff88": "NORM"
    }
}