{
    "Ethnic Groups Interred": {
        "bd55bf32-bfc0-4461-bc3a-36e19544fedc": "African American", 
        "6878be25-332c-4dae-8c7c-b697b3280037": "Asian", 
        "af4cf4b9-4ea4-4460-85e8-d37c64920b17": "Caribbean", 
        "d0be8bd7-91fd-42ef-b25e-4ef468a23840": "Hispanic", 
        "2b00e1b8-c243-412f-8e03-cce162f1bd57": "Native American", 
        "0e3dbda9-b29a-4606-8c72-981323312513": "Other", 
        "ad32ce77-5529-4fbd-84a4-2739d9459130": "Unknown", 
        "fc07502e-a111-4fe8-b890-fde5f8c4bfb7": "Unspecified by surveyor", 
        "c23bdcf0-b39a-40df-a333-fdca0f22254d": "White, Non-Hispanic"
    }, 
    "Priority": {
        "6475fae7-797d-4c40-b7d7-d6070ed38958": "High", 
        "71ecc9bf-1cda-47aa-a5e2-c05ecaf8bb4b": "Low", 
        "3af799ea-5188-4422-8b24-5f341f92c576": "Medium"
    }, 
    "Surveyor Evaluation": {
        "f2e2a90a-3b59-434c-92b3-e7092f7755ba": "Eligible for NRHP", 
        "66517b97-1c9e-4c1f-9c4b-4da30ae186b9": "Ineligible for NRHP", 
        "98883116-74d7-4533-9ce3-798098cf60e6": "Insufficient Information", 
        "ad7e2b77-e0ef-44c6-b776-d06461b4eb08": "Likely NRHP Eligible", 
        "66885eee-91e3-4cfe-86f3-66cb75166bad": "More Work Recommended", 
        "8a8c9434-e6fc-4faa-94c2-e6d6e4b2b971": "No Further Work Recommended", 
        "68242687-a1bd-4725-97bf-b9beeb226b22": "Not Evaluated by Recorder", 
        "48556455-c28b-4481-869d-9fbf23cbca02": "Preservation Not Recommended", 
        "a7d2ba07-c58c-4c30-ae46-588e09bb1271": "Preservation Recommended"
    }, 
    "Plot Method": {
        "43dea8e8-3dd6-494c-b7e2-d7e2e7750b34": "D", 
        "f21b3330-c64c-460d-b6c7-d28dc7fc91b1": "M", 
        "2fc96b3a-5874-4aec-bc28-92838b764c9e": "X"
    }, 
    "Threats": {
        "180efc49-4660-4650-b7bb-d9ec6fd1cec9": "Active Erosion", 
        "81178803-cfb1-4d23-b7dd-87fd6bc35b39": "Animal disturbance", 
        "374974c9-ac1c-4079-a89a-6ab886e044eb": "Development", 
        "68e804cf-2bd4-45dc-a0b7-7fb7488ad3c2": "Flooding", 
        "f4d226a6-8378-4f52-9bc9-809f344607a3": "Other (describe below)", 
        "f03f8806-2351-423b-b9f0-d98f0a37fafc": "Storm surge", 
        "813c4266-3309-416b-9031-f4e4d4ad6678": "Vegetation growth", 
        "371aa906-c034-4e36-9b1b-6677ec31bdc3": "Vehicle damage", 
        "a8c78e50-0c8f-46f1-b6a7-50f280cb9c63": "Visitor traffic", 
        "18e9458f-4893-4e79-84d8-01d9b8dca5c2": "Wave action", 
        "6a1c8d3a-159a-4003-9361-f0d379f06698": "Wind"
    }, 
    "Cemetery Status": {
        "4d287eac-69e0-4cf7-a4b6-846c35497e37": "Abandoned", 
        "ce249008-e55d-42cc-aa4c-800a5dd2fee9": "Maintained But Not Used", 
        "02d9594e-6c36-4ab5-a0d5-297a5f63304b": "Unspecified by Surveyor", 
        "d57ae5e7-f9d7-4b9a-bf20-6cb551c3d8af": "Used for Burials"
    }, 
    "Photo Type": {
        "45e1edf4-7c18-4c1f-8049-26bac2843117": "Close-up", 
        "0e133db5-611a-48a7-831d-d3b6bb9bfad8": "Overview", 
        "f5e88003-c6dc-428b-a6e4-e107e1eec38b": "Unique Feature"
    }, 
    "Visible Artifacts": {
        "360157b2-162d-4dde-b44c-f401c4acdf85": "Architectural", 
        "a3b974b8-16bd-44d3-87d2-c565cdbe4061": "Glass", 
        "497e554c-fb93-4d2c-8ec3-a1a4bc28997d": "Historic ceramics", 
        "caf4fecb-d308-40be-9bda-cbded7109474": "Lithics", 
        "561f2f7e-92a2-4cf3-bb9d-3264f7390775": "Other (describe below)", 
        "c1c172a6-c7d8-4806-9957-74c9ebc7f99a": "Prehistoric pottery", 
        "a5581ca6-1da5-4144-a53f-5a066219f6ce": "Shell tool"
    }, 
    "SHPO Significance": {
        "efddfc83-a9a6-4760-8634-4f6d7eb6f950": "Eligible for NRHP", 
        "ef8642bd-c558-4914-b544-0dd966987e42": "Ineligible for NRHP", 
        "313bb781-3c7c-456d-9b11-9b0ed980cee7": "Insufficient Information", 
        "6fdf6bd2-7ad4-4a6e-941d-013a11fc9028": "Not Evaluated by SHPO", 
        "a9f511f1-ea2b-45fc-85c0-753cd03244fc": "Potentially Eligible for NRHP"
    }, 
    "Cemetery Type": {
        "ef8c4144-fe25-45d1-8918-57a3225f0b41": "Community", 
        "3f18cf58-6890-4202-a399-3e69cf43379a": "Company Town", 
        "7201c859-2a76-4b05-8035-5e5e01485d5e": "Epidemic", 
        "f5bc23f1-8040-4ce4-b9ce-e271ea96c54e": "Family", 
        "226d1eb3-4a45-493b-bd4d-fd4a021fef9a": "Fraternal Order", 
        "f21cb98b-e3d5-437a-ae37-aac5fe2d8ed8": "Memorial Park", 
        "915c7fd9-24b2-41a8-bdde-6b82e588e66b": "Military", 
        "a4092fcd-060c-43c5-b9a3-80fa6488ba78": "Municipal", 
        "17b12a6b-f485-4071-b805-3d23e291f95c": "National", 
        "35dc1165-1381-4f27-82c4-7c04d6c8ffd6": "Other", 
        "47eaa4e6-d4e9-48ca-9657-e8cb8c36fcba": "Potters Field", 
        "06fa99d2-e4ce-4cfb-8982-9e5f1987529b": "Prison", 
        "b6263769-1b6e-4345-8dc1-83c0895e5825": "Religious", 
        "5a403547-157e-4db8-b3af-9ea7cc632905": "Rural Movement", 
        "9304782a-4e2c-4d6e-bfe6-bc6a6d58bc9d": "Unknown", 
        "5079966c-d7e1-407c-b87f-c43da4711723": "Unspecified"
    }, 
    "Visit Type": {
        "395b456e-ee37-486a-aa4d-161502ef1f52": "Follow-up", 
        "916a56f4-013e-4c61-82b0-9eca1cc20420": "Initial"
    }, 
    "Location Verification": {
        "b32ddf3e-753b-4c97-b113-dd673b9edaf8": "Mission location verified", 
        "66248378-2209-4f3f-930c-2896ae455730": "Site could not be found", 
        "ef817be4-59d5-49ae-bf4e-d58fb78f3324": "Site found but in different location"
    }, 
    "Regions": {
        "040d91ea-6984-4a56-9e72-64f87834e145": "Central", 
        "bded0c6f-e2ab-4177-84e1-de69c69cd6e5": "East Central", 
        "4cc0e31e-bd46-4632-9c36-5f3c2628ef64": "North Central", 
        "258e213d-a47a-4545-9a94-7ab1449d9f67": "Northeast", 
        "5c97e64d-8598-482a-bbcd-e61684f34389": "Northwest", 
        "a74fec7a-75da-4faf-8e56-d8af1ce8d5e6": "Southeast", 
        "14e1f3bb-d8a6-42fa-a375-c03a0bd89b53": "Southwest", 
        "602d53f7-f371-4603-8e5b-40e2b341cb94": "West Central"
    }, 
    "SurveyorEvaluationDist": {
        "1a8a46b5-d1c4-497b-b0bb-c7575c77fef0": "Ineligible as contributor to NR district", 
        "33c34c00-bc75-46f2-af64-9212c8eb3c8d": "Insufficient data to judge eligibility", 
        "8907ca4c-4a43-4a54-a306-8d3fb29da174": "Likely contributor to NR district", 
        "a55f91cc-dd64-4c83-9648-3ac005363dbb": "More work recommended", 
        "d5fd3546-6d04-4dea-ae8c-484ee66f2eb9": "No further work recommended", 
        "e6c9c220-09f3-4e3b-ad9a-7bb45a91f689": "Not Evaluated by Recorder", 
        "53247ecf-0e82-414f-8a8f-0af397373f80": "Potential contributor to NR district", 
        "74c682bb-da01-4de1-b3d5-54832c3c5404": "Preservation not recommended", 
        "2b8c7210-4349-4b07-88a5-21890ef522cd": "Preservation recommended"
    }, 
    "Ownership": {
        "bd34e35e-7b2a-46a3-9557-2b764a2a1785": "City", 
        "c57a4eba-2a25-465d-8760-d720550b47f0": "County", 
        "04a98be3-d01c-4390-9f8c-dec5504b2159": "Federal", 
        "00ca9b7e-1c34-452e-ac99-90a9f6a3f394": "Foreign", 
        "5aac72dc-ae0a-402d-b532-bdaceee83e8e": "Local government", 
        "8ca351b6-13de-408a-b903-a9822cc6ae0b": "Multiple categories of ownership", 
        "1fe6e515-2b32-4024-8944-d5e428838851": "Native American", 
        "164a94cc-165b-4f97-bcff-7b2b7f21144a": "Other", 
        "a6e13fca-16e4-49bb-ae3d-ab68181d9a97": "Private-corporate-for profit", 
        "e107fd5d-3097-4140-a703-51c48a9bb65c": "Private-corporate-nonprofit", 
        "f6fcabaf-b7a8-48eb-85e5-1e70910cfc33": "Private-individual", 
        "e4553e69-8d32-46a3-86dc-6cc7a6613066": "Private-unspecified", 
        "a705acba-8e8a-44bb-be42-af007a58d3dc": "Public-unspecified", 
        "269c96fb-98e1-42fb-8fe2-145757795863": "State", 
        "8ca643f2-e717-492d-85dd-3272d174b2e8": "Unknown", 
        "f6c8c171-2af2-42b8-9f70-4658eff57a6a": "Unspecified by surveyor"
    }, 
    "Recommendation": {
        "a29bd7cd-aea6-461d-963b-6cd6d4cae40a": "Defense", 
        "25a2868f-bc77-4246-954a-851a271d962b": "FMSF update", 
        "2455d32d-d1c0-4bd9-b47a-6ba4877c885d": "Other", 
        "f953f862-4cdd-4564-a0d1-0db9f693db8a": "Repeat visit"
    }, 
    "Overall Site Condition": {
        "5bafbd5f-8e25-4db3-8e23-a730c633d2f7": "Fair = Declining", 
        "3696827d-9da2-4b0d-a892-7c320f2da9f9": "Good = Stable", 
        "948ef076-d14c-4cb3-9713-f780463a5a3c": "Poor = Unstable"
    }, 
    "Resource to Resource Relationship Types": {
        "ac41d9be-79db-4256-b368-2f4559cfbe55": "is related to"
    }, 
    "Visit Time of Day": {
        "0b2e1622-4a22-4df5-b50d-83a5649317bd": "Afternoon", 
        "5f79916c-315b-4cc6-aff4-487bb9e5bbef": "Evening", 
        "3da759e4-d185-4a8d-be57-28d517160cfb": "Morning"
    }, 
    "Plot Type": {
        "4a8340fa-d0bd-4035-a2a4-2f68a104f1f6": "GV", 
        "62ac28a5-b628-4c71-9c8d-94bb4fbfdf6d": "NORM"
    }
}