{
    "Priority": {
        "8d8cb621-15bb-49c0-b4cd-adb9579a72d1": "High", 
        "5c13b4b9-2a3f-4a03-bf9e-e2dfaf610cb0": "High", 
        "a7b4ae9c-0acc-4327-bb4f-b260605ede2d": "Low", 
        "364a081f-3365-4458-94ef-e652b568529b": "Low", 
        "1c640a97-1b5a-4ff1-af56-d10892224f45": "Medium", 
        "b0ea2ffd-db24-4173-85f7-d19213581556": "Medium"
    }, 
    "Style": {
        "8f75d4d7-0adb-4912-8216-f131eee067cb": "Art Deco ca. 1920-1940", 
        "20a69d38-1a48-49f6-959c-1c3c50045c64": "Beaux Arts Eclecticism", 
        "88612f21-d24f-4da6-8994-12ff939d57aa": "Box (American 4 Square)", 
        "21a1b56c-e5fd-451d-a97f-008bbe28b4b7": "British Colonial ca. 1763-1783", 
        "5a7f4a7b-501a-475d-bdbf-000870e29576": "Brutalism ca. 1955-1970", 
        "6039fbcc-46c7-42bb-96a6-7e417561b83a": "Bungalow ca. 1905-1930", 
        "4c28ab2e-8cec-4e4d-b0b1-a167f8acf206": "Collegiate Gothic ca. 1900-1940", 
        "d1dccb46-102b-402a-bc51-48d2f310b3b7": "Commercial", 
        "01c8268a-5342-4d3d-97e9-9f5b365e04d5": "Craftsman", 
        "75f0bb8c-6902-4191-9880-fb7461698a2b": "Dutch Cottage", 
        "722b0c8e-160f-435f-814e-9a73c5412912": "Egyptian Revival ca. 1835-1890", 
        "14c183ed-3ce4-45cd-a06b-167c1367c68e": "English Cotswold Cottage", 
        "b8543739-b2d0-4769-87a1-6faf9a1961de": "English Georgian Cottage", 
        "e7498c65-0615-42b8-a8dd-aa940b8368b4": "English Tudor Cottage", 
        "95eb927b-af10-4c5c-ab7e-716488bffe77": "Federal (Adamesque) ca. 1780-1840", 
        "1fd98c43-e26f-4976-9fba-a23a273e9700": "Frame Vernacular", 
        "6d4f54cb-bef9-47c7-93f2-2c4700091ba4": "French Colonial", 
        "14ed3e1b-5a27-45cb-af91-3a6811d8a4e6": "French Cottage", 
        "42c2bede-6b34-456c-bd35-bcdef47dd0b2": "French Renaissance ca. 1880-1910", 
        "031277a0-7c05-4296-b269-1ce310001a19": "Georgian Revival ca. 1880-present", 
        "316c3b59-77a8-4161-8e24-86d51f7361fd": "Gothic Revival ca. 1840-present", 
        "5bf74c65-ee75-4cf4-8864-4bbeb9bcc667": "Greek Revival ca. 1825-1860", 
        "9548ae3f-39d4-42b5-bf53-201c55a016c8": "Industrial Vernacular", 
        "6713cf1d-480c-4950-9626-18e8868f5e17": "International ca. 1925-present", 
        "df69f0b5-ada6-4087-8cee-aa7335324541": "Italian Renaissance Rev ca. 1880-1935", 
        "d736c60b-e146-4649-8310-477f3cbf5a18": "Italianate ca. 1840-1885", 
        "fc97291b-8899-4984-b0c0-b3e8173d97b3": "Log", 
        "519efbb1-8abe-4a63-95d4-cd59faa18446": "Masonry vernacular", 
        "f31fadb4-1fcc-496c-9d3a-975a09b22611": "Mediterranean Revival ca. 1880-1940", 
        "b6d8b7b4-d83a-4a37-85e1-49137dd4715c": "Mid-Century Modern ca. 1940s-early 1960s", 
        "cef01e99-1acb-4924-871a-6f9eccc2dd68": "Minimal Traditional", 
        "c21ccb5b-487c-4727-a76f-48e1b2d8dbca": "Mission", 
        "737bbeb2-17bd-421f-b659-e9f379a752f8": "Mixed, None Dominant", 
        "0ab2bfe3-37fe-4072-8251-6eed074f143f": "Moderne ca. 1920-1940", 
        "29636936-aeb1-4791-8f89-13cd2a6a514d": "Monterey", 
        "ff4993d6-8527-44c6-8b1c-ecb4c4d30a6c": "Moorish Revival ca. 1880-1910", 
        "4f1a37f6-6590-4cb2-8bbd-d53eece32249": "NULL VALUE", 
        "04872a95-db97-48bd-8da5-0156696c8441": "Neo-Classical Revival ca. 1880-1940", 
        "5067604f-bf7b-42d0-89f1-e4621a01e822": "New England Cottage", 
        "4a14ea03-c0b5-44f8-9541-dba79ef9e230": "No style", 
        "7afb9020-abeb-41ed-a26b-eb063a543f4b": "Not Applicable", 
        "6edb3a72-e307-4160-9f11-de1d25bc034b": "Octagon", 
        "225ff4c5-bd14-4d39-91da-28649b00f778": "Other", 
        "f1299fcd-c367-4ec1-bb03-a017c798f33a": "Prairie ca. 1900-1920", 
        "bc2c8694-8a92-415d-8ad1-b9cb59597014": "Pueblo", 
        "e5f112e0-0f2b-4520-b59b-969fe92b81c7": "Queen Anne (Revival) ca. 1880-1910", 
        "efbf9c21-369f-4b43-8e57-e74f94ab5848": "Ranch", 
        "908bd184-b384-4078-8e3c-e62f1ac3bba2": "Romanesque (Revival) ca. 1880-1900", 
        "e7517edd-cdde-460b-8b6e-7f14930cc408": "Second Empire ca. 1855-1885", 
        "33575514-6e51-4ed1-87aa-42527664a73f": "Shingle ca. 1880-1900", 
        "5a29b5a1-039c-4c2f-84d3-8c5334da3219": "Spanish Colonial 1565-1763, 1783-1820", 
        "9c9f8fa8-5576-4b70-b881-df456879f988": "Spanish Cottage", 
        "541f0266-7d59-48d8-838f-00ad425a33e6": "Split Level", 
        "f68facfa-61ad-4a26-8396-23ccc418afcb": "Stick ca. 1860-1890", 
        "7fa4aff2-eee4-451e-88f0-268fd0bfe5f0": "Tudor Revival ca. 1890-1940", 
        "03618b5a-538f-4d51-9876-75b2d5e0b9a6": "Unspecified by Surveyor"
    }, 
    "Plot Method": {
        "c7ca26c7-2835-4fbe-a4a5-0ca6dfd08684": "D", 
        "7d37c2e8-d8e7-461e-82e5-cb622eb5f8df": "M", 
        "e55cbcb9-c0e4-47b8-b006-a222923980f4": "X"
    }, 
    "Threats": {
        "ee2ddba0-5c8d-4a81-b50f-227c572e57d1": "Active Erosion", 
        "15aee0b7-8bf4-4f94-9e5e-0e867780e33c": "Active Erosion", 
        "1320bf09-832b-4abf-a7c3-e12e422fade0": "Animal disturbance", 
        "ccd0f5bc-7c38-45ba-9ed3-7be4c5b4a6dd": "Animal disturbance", 
        "dc224a51-bba4-44ec-8f3f-fc7c83a8087a": "Development", 
        "814ea057-e1db-4418-adb2-73734b836101": "Development", 
        "042eaf44-fb39-487e-9b25-78de49b83fc9": "Flooding", 
        "952100d4-ab7e-4b52-b720-7eb417639e54": "Flooding", 
        "27f46de8-1ee3-4148-b5da-3632f06d4aa2": "Other (describe below)", 
        "2588003b-fe4d-4d49-b342-a8dbb50f947a": "Other (describe below)", 
        "99f87482-96bf-47b1-a715-201eb1c165cb": "Storm surge", 
        "227f2d0d-8a54-4646-a915-640db352d1f0": "Storm surge", 
        "6b186934-a9b6-4a91-ba12-9487c98cea07": "Vegetation growth", 
        "27db284a-7a2c-41c7-8de0-60e641df1b14": "Vegetation growth", 
        "ec71150b-9193-4a51-90e5-978b503a9954": "Vehicle damage", 
        "09dbd149-f82e-43c1-8fe6-07da3989771c": "Vehicle damage", 
        "583a3a24-9cba-4c48-8815-d8e56fd03e67": "Visitor traffic", 
        "bf6d70ae-7ef7-4ae5-a927-3252f502c34b": "Visitor traffic", 
        "5a1fdf59-bc27-4a6e-84e0-a9a0c991e4ac": "Wave action", 
        "f403e4f9-7ab0-42b2-9cce-1c55f0a074c9": "Wave action", 
        "7e80b6ec-fe00-4574-abc2-9ea8265b667a": "Wind", 
        "a6a2919a-7dc2-43f9-b5ed-4c87d9772430": "Wind"
    }, 
    "Visible Artifacts": {
        "d633ee83-fb7b-444e-a0f8-1bf9e4d32c49": "Architectural", 
        "e4d1c324-b89b-49a3-bc17-87a511c1702e": "Architectural", 
        "b652a8d6-0c27-4da7-b91c-61953e6738be": "Glass", 
        "3817c6ef-d0b9-454a-bb6f-969420ede088": "Glass", 
        "235e9f68-0503-4a1b-9313-57a3a6088db7": "Historic ceramics", 
        "e1fa4313-a5e7-40a5-b996-721e91295265": "Historic ceramics", 
        "74ed3f58-27d1-4454-8ffc-9b91f1c59ffc": "Lithics", 
        "8cf8bcb9-ac66-4e30-9a05-597481b6f1dd": "Lithics", 
        "d50173bb-fb81-44d9-8e7c-574da96713bd": "Other (describe below)", 
        "0cce263a-5cd5-4e55-8448-52c056f25cb5": "Other (describe below)", 
        "f4e5b296-51cb-4335-93e2-4479cbae7685": "Prehistoric pottery", 
        "b7b7ec90-29b9-40f9-99f9-9eb945ef7ca4": "Prehistoric pottery", 
        "e429bc11-47ef-4c3b-a1fa-8a30f88b7c4b": "Shell tool", 
        "2a9bf7ff-8a89-4250-9ff1-9d8c595de7d7": "Shell tool"
    }, 
    "SurveyorEvaluationDist": {
        "58e629da-56b1-464c-89f9-98012536ea7b": "Ineligible as contributor to NR district", 
        "47e18500-e2fd-438c-9aba-85fe03af2e6e": "Insufficient data to judge eligibility", 
        "6a3b488d-9634-49af-b69a-160aa4c270a1": "Likely contributor to NR district", 
        "32f8a152-2c6a-4a68-b7ce-1386cfc2a6a1": "More work recommended", 
        "714b45b3-0877-4fc9-88f9-d96c65ec4592": "No further work recommended", 
        "5933a7f1-2808-4787-a155-008b3c1c9748": "Not Evaluated by Recorder", 
        "03c2c21d-c4be-4112-8c69-fcbb363a602f": "Potential contributor to NR district", 
        "5e3baad9-d14d-482f-8b6c-54ce38155b56": "Preservation not recommended", 
        "af7af13f-e124-462e-b2f9-8caff7c2bd47": "Preservation recommended"
    }, 
    "Scout Visit Recommendations": "Scout Visit Recommendations does not appear to be configured with a valid concept collectionid", 
    "Exterior Plan": {
        "724d77b3-208d-40b7-bc9c-2c5bc5d17268": "Central Block-1 wing", 
        "00696bd7-6f5a-4717-8556-14558c96ae6e": "Central Block-Symm Wings", 
        "d1852919-035d-48a8-8646-bd16bdedb577": "E-shaped", 
        "07b0476f-1a27-4f98-8664-35287dd0119e": "Greek Cross", 
        "c7e8e85b-91a0-48c5-9f0c-fbfd4ab79247": "I-shaped", 
        "3d4e5b5b-81e6-493a-9280-499a65dae3ed": "Irregular", 
        "740cca4c-64cf-4365-b17d-3b435cd9385a": "L-shaped", 
        "15f7c22b-e54a-4910-b4ef-857ca6f37db8": "Latin Cross", 
        "2fe7538d-d622-43af-8b41-304a0821e0f0": "NULL VALUE", 
        "7aa23d6d-a1d8-4c60-aa8b-2b753c115cec": "Not Applicable", 
        "60edf704-e6a4-4ce7-b9a7-27423157956e": "Octagonal", 
        "73865506-c9c9-44fc-8140-e64b24016fcf": "Other", 
        "dfaa678b-aea1-4ed0-95dd-bdbdc0d055a1": "Rectangular", 
        "9f2e7a5f-24e1-4322-9725-d09213c61285": "Round or Circular", 
        "85458250-e343-473a-a856-857646cff8d6": "Square", 
        "131d76a8-61fe-4a48-b9a1-7c4bf8900e6b": "T-shaped", 
        "0137a16b-6fd0-401c-a076-b8204d5a1821": "U-shaped", 
        "d053ce71-8031-4cac-bae5-001aedfb171a": "Unspecified"
    }, 
    "Structural System": {
        "507b351a-bc14-4514-9152-c3e0449b351d": "Balloon wood frame", 
        "c824e428-7b7d-432e-810a-c81a38b78b3c": "Braced wood frame", 
        "4a711886-0a55-4a10-83a9-d56546518814": "Brick", 
        "29265714-46f0-4ccf-b298-0efc29639c28": "Butt joint log", 
        "9f65e418-2f02-4432-92ba-919965fb9fac": "Cast iron skeleton", 
        "6b0944c1-79d2-4bae-8757-5f2b469d11e7": "Cast-in-place concrete", 
        "87a0a3fd-8991-4730-b602-71446809f180": "Concrete", 
        "78a38a93-c07c-4156-bb91-574a6e75c96b": "Concrete block", 
        "2c2d21d1-816d-4939-a7f0-a6b156f42617": "Coquina block", 
        "0a617a67-a695-4c21-9830-3c0101f7d10f": "Dovetail log", 
        "7a502ab8-adc5-4df3-bab3-4ae125e1d9ad": "Glued-laminated wood/plywood", 
        "fc1c0b1d-49fd-4b57-866a-6b3c82da7399": "Lapped log", 
        "8ebb2d78-99d1-4b99-b4fb-8fa83d5a49ad": "Light wood frame", 
        "7913cc4f-416f-4fb0-b7fd-3846b02073c7": "Log", 
        "afc898a7-6c8a-44be-8a39-aaf014530e87": "Masonry", 
        "f284a9e8-d54a-4bab-8a9c-fdda7fb93950": "Metal skeleton", 
        "cdd43b7b-1873-4780-96c9-dc7e8436b6b0": "NULL VALUE", 
        "5bb59ad5-ca43-4847-93ba-ddd8da3e781e": "Not applicable", 
        "3af76f73-63f0-4aa9-a397-8a965a7e35b1": "Not specified by surveyor", 
        "5c5810e8-6ba0-42e4-a5b2-a3820a83e46e": "Other", 
        "afd05b48-74cd-48b3-aabe-6af15ea415b8": "Plank wall", 
        "45221df8-55e3-4aea-9b0a-bfbf15071d61": "Platform wood frame", 
        "e532bb20-b528-4721-92c8-c78b950b1dda": "Pre-cast concrete", 
        "21e8b7c2-5f23-4481-928b-bbd1feb00a7f": "Reinforced concrete", 
        "da90b90b-a5ac-463b-8e88-18ed466e24e1": "Retaining wall", 
        "147a95a0-40d3-4e45-bada-4acd64e4ccd1": "Saddle notched log", 
        "d43d1d2c-b977-4a39-ba3e-f36a6229ffe3": "Space frame", 
        "578cad24-9fc0-4031-9fb9-8e72fd498dc8": "Steel skeleton", 
        "aa1e9929-de8a-40a9-953b-2d0fa2e60523": "Stone", 
        "fd4c252b-ae5d-4806-b487-0f78c9509d6c": "Structural clay tile", 
        "2b917d37-9376-4d46-acf0-8c716d79221a": "Tabby poured", 
        "16707d15-c317-49ba-b003-46e8a51c6dac": "Tensile", 
        "e6125fdb-d384-4d9a-8230-1a693ee13fb6": "Tongue-and-groove log", 
        "fcad3058-1734-422b-9a48-c994be7b8c9d": "Unknown, as specified by documenter", 
        "a650c97e-4583-4373-a1bc-212896408b92": "V-notched log", 
        "0b88afd2-84ff-411a-8308-dd958f2ee40c": "Wood frame", 
        "be9303c2-d94b-4496-a07d-de7a891dc3ac": "Wrought iron skeleton"
    }, 
    "Location Verification": {
        "f0571607-f640-470d-8e21-c6a81a2bc757": "Mission location verified", 
        "b1d7e852-d271-4aaf-9aee-a726e0568071": "Mission location verified", 
        "9504e57c-e889-4ce6-8c36-f15a6156c07c": "Site could not be found", 
        "07d8e4b1-ff17-4056-a6f6-d33597119113": "Site could not be found", 
        "19215db9-7e24-44dd-b801-8c6cb9e178cd": "Site found but in different location", 
        "1a6b2409-d697-4a5c-9821-4d0bb38b43a9": "Site found but in different location"
    }, 
    "Regions": {
        "e77a724a-4567-4a59-995b-fe0f25ec9697": "Central", 
        "85678fe1-b2fc-4ee7-b531-d3462f260bf9": "Central", 
        "ac97d8c9-fb9a-45e8-9a62-8ff1189b3818": "East Central", 
        "c5da2d37-cdcf-48a4-b2b9-7c3176f315fb": "East Central", 
        "de3d43bb-08ff-4295-a027-77677cc97337": "North Central", 
        "8b807da8-474b-4f17-8a1d-ca1e1f4a6407": "North Central", 
        "060a2551-058e-41bb-a753-2d9ff9f2666a": "Northeast", 
        "15627889-8df7-4c71-9143-7197bc618816": "Northeast", 
        "8e7dcd6f-e668-4ace-9521-721f62757670": "Northwest", 
        "0e3d2a92-2e1a-4d0a-a5d3-8c58171246d0": "Northwest", 
        "078475c4-5ddd-4415-b642-d703ecdf4379": "Southeast", 
        "3241e6fc-e87a-4c71-a0c3-75d729aaa9bb": "Southeast", 
        "3edc294b-8a00-4b5a-a40b-deaae22952ba": "Southwest", 
        "646d0c67-2205-4be7-ae4b-07ea63459318": "Southwest", 
        "ea012fe7-0eaa-4885-831a-f672dedef812": "West Central", 
        "dc1eaffd-82d8-49d1-b54e-3d48a54f7ba7": "West Central"
    }, 
    "SHPO Significance": {
        "92ab7b9c-3bd6-4c1b-bc92-7a7dccc610bf": "Eligible for NRHP", 
        "2d718e7f-5a12-49e4-be9b-02691ba9b1b1": "Ineligible for NRHP", 
        "a76edebc-6762-4040-b0a0-e40911b65b47": "Insufficient Information", 
        "3bf9f8e1-7068-49c8-a618-3a2c85c586cc": "Not Evaluated by SHPO", 
        "d8df409d-9f81-4efa-a85e-c6fa7ab21ec9": "Potentially Eligible for NRHP"
    }, 
    "State Parks": {
        "34273dc2-6abf-461a-afe9-61a2706d4c5c": "Addison Blockhouse Historic State Park", 
        "d8421497-8c69-44c3-b16d-932d00c14597": "Addison Blockhouse Historic State Park", 
        "40397a5b-ffa0-4837-a9d0-815e2d47b99f": "Alafia River State Park", 
        "ca7fa281-2b31-49a7-98d4-3893f234a3cd": "Alafia River State Park", 
        "36d9f81f-516d-4cac-893a-905c34a36a0b": "Alfred B. Maclay Gardens State Park", 
        "6463694d-5b3c-457d-b60f-f6016e394a88": "Alfred B. Maclay Gardens State Park", 
        "cd83d15f-13ea-4b3b-a369-fa22b6c067cf": "Allen David Broussard Catfish Creek Preserve State Park", 
        "11df7dff-e078-414b-b2c0-2b0b6d123749": "Allen David Broussard Catfish Creek Preserve State Park", 
        "31d87e5d-70ce-4583-bab1-4e2659205dc7": "Amelia Island State Park", 
        "df5b8c92-cfe5-44b1-8298-f6b4c6ec2f8e": "Amelia Island State Park", 
        "4c58d394-71a7-418f-871c-df5a7372684a": "Anastasia State Park", 
        "1206fc7a-60c9-44f3-895e-c11b8b1a3a64": "Anastasia State Park", 
        "699f0bb5-2959-4a56-b62e-a5db36d4e86d": "Anclote Key Preserve State Park", 
        "c1463c7c-75eb-4bc2-a820-33b6c90c3dfa": "Anclote Key Preserve State Park", 
        "75316ad8-1cbd-4e9a-9d91-3e2c17a3e2bf": "Avalon State Park", 
        "1d19685a-49cf-45c8-845d-aa0447fc7bbb": "Avalon State Park", 
        "c4855424-de08-4f8e-b1ce-bec8ed5358a6": "Bahia Honda State Park", 
        "3d71499f-aa4e-40f6-ad3a-56430a6924fd": "Bahia Honda State Park", 
        "a3368021-6251-4b93-95a0-84e7274316c5": "Bald Point State Park", 
        "5f1890ba-7635-474a-aa74-bfa5d4db8f8c": "Bald Point State Park", 
        "204278f1-2b44-4553-9689-6d82831ad608": "Big Lagoon State Park", 
        "908c4a81-ea5d-43de-81b6-cd7f7b836f2d": "Big Lagoon State Park", 
        "4d67fbc5-a4d6-42c8-b768-b0eb72ed029d": "Big Shoals State Park", 
        "75f3e021-105e-4127-a583-dcdf3f279a1f": "Big Shoals State Park", 
        "5f6b8cb0-3a3a-4a88-b3c6-9ec48aa9ac1f": "Big Talbot Island State Park", 
        "ca1a5f66-01ea-4bb8-94eb-413f242d5110": "Big Talbot Island State Park", 
        "00cf920f-f9eb-4689-bfe0-30f2fc1d8fa4": "Bill Baggs Cape Florida State Park", 
        "8eee8089-6a9b-400a-8863-d7986f644011": "Bill Baggs Cape Florida State Park", 
        "bb8eef27-cc43-41cc-ae02-40768b9159f4": "Blackwater River State Park", 
        "1968ae9c-95b8-476d-a5e1-07c902c4a468": "Blackwater River State Park", 
        "739155e6-246b-45f9-ade3-79d5dd5fa29d": "Blue Spring State Park", 
        "4c9b8444-f3ca-4d04-8026-f267c6324545": "Blue Spring State Park", 
        "ef708bf0-ad41-41dd-9143-d351341ac3f3": "Bulow Creek State Park", 
        "7b4356c5-46b5-497b-8b9f-3d9268dbfae6": "Bulow Creek State Park", 
        "3600e15f-8af3-4c79-ab3f-6eb7c809579a": "Bulow Plantation Ruins Historic State Park", 
        "36b44195-9e92-4233-8206-1b4d84b86db2": "Bulow Plantation Ruins Historic State Park", 
        "3587da01-05f6-46ea-9e3f-053133bd1c82": "Caladesi Island State Park", 
        "2d1da854-53fc-4f25-8e13-cca7240179a2": "Caladesi Island State Park", 
        "8c31133c-b26e-484c-a0b4-a1f467b499eb": "Camp Helen State Park", 
        "f775616f-a0c1-4936-9fb8-c2fcf8c3a8a2": "Camp Helen State Park", 
        "81bd733f-69f5-42af-a8a6-196df3a56a12": "Cayo Costa State Park", 
        "db34b030-2e2f-4cf7-846d-9d060f8111f4": "Cayo Costa State Park", 
        "e9c8f71a-7972-4d9b-91e7-3743ec6fe165": "Cedar Key Museum State Park", 
        "60f7f1f6-53eb-4d73-8533-d021cb97f244": "Cedar Key Museum State Park", 
        "c3c7cf62-6783-4c74-acb5-6b0d6a19cea9": "Cedar Key Scrub State Reserve", 
        "c29c28cf-40bf-4bbf-848a-589e6a34e6c8": "Cedar Key Scrub State Reserve", 
        "b4f9b493-5f21-4ab1-a0a5-42080dedd81d": "Charlotte Harbor Preserve State Park", 
        "f44ed137-3bc5-4759-905c-0e4e1a981235": "Charlotte Harbor Preserve State Park", 
        "5a0ab2ec-8aa0-4b9b-9009-a8219320324a": "Collier-Seminole State Park", 
        "13dc8947-c02d-4c19-9de6-acdbb7a0010a": "Collier-Seminole State Park", 
        "9c95697b-7d04-4613-b87a-24d5769e4083": "Colt Creek State Park", 
        "361a82bc-ef51-41a3-a654-00d0c05077df": "Colt Creek State Park", 
        "6272e4c5-ee78-4155-8549-3d65b8b4421b": "Constitution Convention Museum State Park", 
        "1c6c2952-3bf2-4b37-b81f-5d44351eebbc": "Constitution Convention Museum State Park", 
        "0fa92924-1caf-4057-a439-92b5e35f9f63": "Crystal River Archaeological State Park", 
        "d1a11823-c78a-4579-be1c-80350d96ee54": "Crystal River Archaeological State Park", 
        "67e78403-952e-4fb8-8deb-f88b6f943497": "Crystal River Preserve State Park", 
        "b174fb0f-3509-4a8a-84e4-ad2915b66832": "Crystal River Preserve State Park", 
        "b9243eac-d915-42fd-8c83-8b4cb781bf53": "Curry Hammock State Park", 
        "c5b538ab-f8d3-48fd-831e-4754de02b860": "Curry Hammock State Park", 
        "648cd55d-0daa-44e1-af48-f5268196f6d2": "Dade Battlefield Historic State Park", 
        "250506ca-ed9f-4f8b-8c17-800f188131c1": "Dade Battlefield Historic State Park", 
        "776ec61e-c4df-41e3-8f9f-aa7de1b61fea": "Dagny Johnson Key Largo Hammock Botanical State Park", 
        "1fc9c229-1c66-4fd8-9bb2-c97ac39ba697": "Dagny Johnson Key Largo Hammock Botanical State Park", 
        "2c00c331-05d3-484b-86a6-5d61bd097f01": "De Leon Springs State Park", 
        "2393f6a1-6f17-429c-bc9e-351c37c0992d": "De Leon Springs State Park", 
        "ce22aeb0-cc64-406a-8dc1-3fe86f6dafa2": "DeSoto Site Historic State Park", 
        "cdd3fdd1-e30a-49c0-8acd-8cf7c5d66a62": "DeSoto Site Historic State Park", 
        "62a5feff-9dde-44da-a31a-318d7386bc45": "Deer Lake State Park", 
        "f74cd64b-5e3a-44f3-ac40-31412674b3d2": "Deer Lake State Park", 
        "a2e68c58-e445-4f2d-8df6-08630cd8255b": "Delnor-Wiggins Pass State Park", 
        "0f310d74-9b37-4893-b126-e16219850457": "Delnor-Wiggins Pass State Park", 
        "7338563c-bce2-40bd-99ef-24b0b97b5510": "Devil's Millhopper Geological State Park", 
        "52860510-96d9-4a2b-8d08-42d2c7d2e3a6": "Devil's Millhopper Geological State Park", 
        "d60c1407-1c4e-4a7f-9149-172b2a5d2586": "Don Pedro Island State Park", 
        "d10adaee-c003-4bb4-a35f-1f9507100e92": "Don Pedro Island State Park", 
        "01844721-d925-4e45-bf59-f9db2fe9d834": "Dudley Farm Historic State Park", 
        "0a08f9f7-76f1-4700-a5a7-6747ff0dfc86": "Dudley Farm Historic State Park", 
        "c909832c-902f-48f4-8ade-cc091ac12cc5": "Dunns Creek State Park", 
        "195b2dd1-6166-452b-83ae-1c42aac87879": "Dunns Creek State Park", 
        "e31e82f6-e96a-4e8a-822d-03e6b0e83c9d": "Econfina River State Park", 
        "a6a876d7-2649-41ba-99bb-2c06accd2d45": "Econfina River State Park", 
        "49cbe28b-a604-41bc-89b1-4e7fd1b2855f": "Eden Gardens State Park", 
        "7bcca1ad-56a3-49ed-b03a-3cbe9565b4cf": "Eden Gardens State Park", 
        "6d60056e-3fa8-47ac-bfb6-43acf1901e4b": "Edward Ball Wakulla Springs State Park", 
        "76a8b59c-6605-45fd-a5c0-fc62597ee5e1": "Edward Ball Wakulla Springs State Park", 
        "17cef6a0-d18e-4c8b-9a77-6253093de460": "Egmont Key State Park", 
        "999430b9-df1d-4fa8-ad74-8f4cf0a0db25": "Egmont Key State Park", 
        "ca0b341d-64ed-4f07-890e-18facdfab3d5": "Estero Bay Preserve State Park", 
        "976b2e91-c943-4c81-8128-83c90f0e5b67": "Estero Bay Preserve State Park", 
        "4eefff1a-b41c-4794-aba6-cfd99e41f0f7": "Fakahatchee Strand Preserve State Park", 
        "f4aa5f61-069b-44c5-a316-ddc0a13cc14b": "Fakahatchee Strand Preserve State Park", 
        "78af0cb8-c91d-4ece-a4dc-671a457085a4": "Falling Waters State Park", 
        "b1715b8d-868c-4d6d-9ded-b681d10f85a2": "Falling Waters State Park", 
        "8cbbee76-b725-4751-9625-87c0279b125e": "Fanning Springs State Park", 
        "efcebf79-f791-42e7-ab5f-419bb451c0ff": "Fanning Springs State Park", 
        "5db681ca-2220-4d79-a7c4-c0f2d5e49b94": "Faver-Dykes State Park", 
        "37916072-c390-4a69-abd1-77f84fd77232": "Faver-Dykes State Park", 
        "7d0bada7-6ecb-462d-8c4f-6eed5ce632fc": "Florida Caverns State Park", 
        "f840ab9b-ad72-48fd-86c3-6ab1e46c4779": "Florida Caverns State Park", 
        "058876a3-0c90-40ac-a59a-a726f34255a7": "Forest Capital Museum State Park", 
        "4210711a-7910-403e-a3ae-bb805e7c0167": "Forest Capital Museum State Park", 
        "e3e35336-34e8-43f9-9ced-f421a9bf0c8f": "Fort Clinch State Park", 
        "bd1f1ebc-7e4c-4e23-b43d-d8c25f7f556f": "Fort Clinch State Park", 
        "1254fec0-4030-420f-bf9c-330da0a4c3c9": "Fort Cooper State Park", 
        "7eae489b-3a8f-4486-a384-4b5913a64952": "Fort Cooper State Park", 
        "3b611712-84df-46d5-82da-726a85b3439e": "Fort Foster State Historic Site", 
        "54e6c20b-e26d-4bb4-ab3b-6e202f7ff1e5": "Fort Foster State Historic Site", 
        "603adfd6-30e6-4d1d-8c61-da5f0fa317c0": "Fort George Island Cultural State Park", 
        "ddf07a2b-25cf-459b-aded-dc8c2804cb77": "Fort George Island Cultural State Park", 
        "b607dcb2-fb8a-40f5-9fc0-20a4225424aa": "Fort Mose Historic State Park", 
        "941f4be6-d95c-40c5-91ce-e8d351ad4cf1": "Fort Mose Historic State Park", 
        "f9d649f2-ae74-4e00-a2ae-e04128582b9b": "Fort Pierce Inlet State Park", 
        "4dc67f6a-fdb2-4a55-a84a-953688412e56": "Fort Pierce Inlet State Park", 
        "91326988-c99f-46fc-a9d4-c7f03dfa7b24": "Fort Zachary Taylor Historic State Park", 
        "0a7a1f25-63e2-4d8b-bd1f-7f80e0709acd": "Fort Zachary Taylor Historic State Park", 
        "23ad5d0a-85ee-40fb-945b-4a546c19262f": "Fred Gannon Rocky Bayou State Park", 
        "8c413fbf-783d-424a-8a86-cabf19d76f29": "Fred Gannon Rocky Bayou State Park", 
        "ee978d39-ee6c-4839-8ec6-d86774f9bde3": "Gainesville-Hawthorne State Trail", 
        "2364c660-0e12-4d4b-b314-7b706837daf5": "Gainesville-Hawthorne State Trail", 
        "9f52b87f-402b-43d8-abe5-9238d669f224": "Gamble Plantation Historic State Park", 
        "04ae062a-7651-4db0-9659-c11632c4fb6f": "Gamble Plantation Historic State Park", 
        "1237fd97-8c9c-4b4e-9210-35a516e5c7d9": "Gamble Rogers Memorial State Recreation Area at Flagler Beach", 
        "5cb88fe9-af5e-419c-91d0-948217373aa0": "Gamble Rogers Memorial State Recreation Area at Flagler Beach", 
        "c7ea1443-887f-4d49-8cba-d545c4a2abe3": "Gasparilla Island State Park", 
        "392186b9-b3c9-4ea8-b7de-9553fa270ad4": "Gasparilla Island State Park", 
        "2022b0a8-0e83-4ef8-b8dd-d69d82928be8": "George Crady Bridge Fishing Pier", 
        "9e6adaf4-cbc1-4572-92f6-fbca4622b3d6": "George Crady Bridge Fishing Pier", 
        "66bd93cb-4325-4142-afdb-298766597a00": "Grayton Beach State Park", 
        "6722407b-840b-4957-98b5-95e9be81ae9e": "Grayton Beach State Park", 
        "5bb6267a-539e-4c5f-8ad6-4642f8fd0e99": "Henderson Beach State Park", 
        "8d390a84-63ed-44f8-b375-521a61ccdfa6": "Henderson Beach State Park", 
        "915fd835-9e25-4758-9334-fcc471d98054": "Highlands Hammock State Park", 
        "81ec23db-4dfc-43aa-b835-9a26923670ee": "Highlands Hammock State Park", 
        "64dab0d2-eaf9-4e7a-9aa7-03b4dc116391": "Hillsborough River State Park", 
        "adda39bf-8d40-4171-ae34-6132f5f8ca74": "Hillsborough River State Park", 
        "16c186fa-656c-4e00-a438-32cb10f403a8": "Homosassa Springs Wildlife State Park", 
        "6aed5f3d-6f19-474a-872e-fabbdd3a83cc": "Homosassa Springs Wildlife State Park", 
        "413ca3f7-65d4-4a9c-b7ba-f0e37c5d51d5": "Honeymoon Island State Park", 
        "b549fe38-eb82-48f2-bd08-8b4b9493de88": "Honeymoon Island State Park", 
        "f7a0ae42-aca9-4b4e-980f-382358f93e99": "Hontoon Island State Park", 
        "dfac149b-fe1c-4391-bc95-849a58b6ac3b": "Hontoon Island State Park", 
        "79bca92a-f841-4cc0-b0e1-e30202e882ac": "Hugh Taylor Birch State Park", 
        "68147184-4e00-4b8b-a0cc-b6a8703ec80a": "Hugh Taylor Birch State Park", 
        "27bc0cb5-d453-485e-8058-5ae74862477a": "Ichetucknee Springs State Park", 
        "be66ea6a-c585-4a26-abff-919168dddb27": "Ichetucknee Springs State Park", 
        "18bc364d-59cf-4cc0-bee2-778ab9e393ec": "Indian Key Historic State Park", 
        "92402b05-4c61-4317-b91d-a46e3e826abd": "Indian Key Historic State Park", 
        "f927d6f4-8ff6-4c31-bce5-8c518785a3f1": "John D. MacArthur Beach State Park", 
        "3c408d4c-3df4-4e5b-ab41-37d9541abd3e": "John D. MacArthur Beach State Park", 
        "a60b8802-caee-492c-8aec-3b34131deb25": "John Gorrie Museum State Park", 
        "a5b5a541-bb48-438f-93c7-619c62cab60f": "John Gorrie Museum State Park", 
        "54b699d1-6d1c-4356-a93d-c656bfe87cf6": "John Pennekamp Coral Reef State Park", 
        "3ba213c3-3c8a-4bf4-abee-0592430efdd4": "John Pennekamp Coral Reef State Park", 
        "f76063c8-3b70-4fbd-8e13-3376b956c9d7": "John U. Lloyd Beach State Park", 
        "e5a21861-5755-40ea-8cf1-3d9d86e52e8a": "John U. Lloyd Beach State Park", 
        "62068451-e4d8-4c7d-ab5f-cf72a5f0cbf4": "Jonathan Dickinson State Park", 
        "2ce6efcc-fa42-443f-b9e4-fed32607a77c": "Jonathan Dickinson State Park", 
        "c556b936-6f58-4d9f-ba86-38b057d98d28": "Kissimmee Prairie Preserve State Park", 
        "e7eb4bae-afe5-45ee-ad94-ab38a1690cd6": "Kissimmee Prairie Preserve State Park", 
        "96edc3c4-0709-4175-9bee-d4271a788474": "Koreshan State Historic Site", 
        "f09adbbc-ac83-477b-989a-d08cb9bca383": "Koreshan State Historic Site", 
        "c8c76f2b-0ce9-4739-979e-15ecf3cf6350": "Lafayette Blue Springs State Park", 
        "0b927e7b-6552-4103-9871-9e8b91e5873f": "Lafayette Blue Springs State Park", 
        "05ac29f8-7fdb-4115-bbf7-e298951fb97c": "Lake Griffin State Park", 
        "69ef8211-0be7-49bf-936a-fdf0cadd193e": "Lake Griffin State Park", 
        "a01c8054-2ce5-4d9d-bcbc-ceef648b3843": "Lake Jackson Mounds Archaeological State Park", 
        "caeb412d-f0c9-4347-bcfd-0419ebfbfe90": "Lake Jackson Mounds Archaeological State Park", 
        "5105d04d-3014-4737-b560-5c8c698ceacf": "Lake June in Winter Scrub State Park", 
        "db2ecd3f-3618-4d55-94dc-80f6c22028c7": "Lake June in Winter Scrub State Park", 
        "cd652ba1-20d2-40f8-91a8-2f91c4b6b80d": "Lake Kissimmee State Park", 
        "b7e05502-3b2f-409c-9f44-c0dac61ed91d": "Lake Kissimmee State Park", 
        "38418a16-a240-4517-83e8-096867d36e0f": "Lake Louisa State Park", 
        "cffeb5dc-63b2-46f9-8214-a7bc00306338": "Lake Louisa State Park", 
        "59cf7b8f-3803-405e-94ee-26634cc16107": "Lake Manatee State Park", 
        "c824bb19-6e79-4fc9-bf74-62e37dc2e3fc": "Lake Manatee State Park", 
        "4cf61eb0-2489-4802-a952-31e31d4ce317": "Lake Talquin State Park", 
        "26232552-34b5-4d0d-aff1-4357eb61d014": "Lake Talquin State Park", 
        "1e3d4630-e10e-4121-a2af-86fc25c04c96": "Letchworth-Love Mounds Archaeological State Park", 
        "1f834542-f4eb-4835-bb4d-98d351316c77": "Letchworth-Love Mounds Archaeological State Park", 
        "6c53e486-6bc6-4c42-9dd1-ddcecc6d76f4": "Lignumvitae Key Botanical State Park", 
        "bafa1a85-4824-4592-9ccc-cf2e9768c339": "Lignumvitae Key Botanical State Park", 
        "dae9f806-c8f9-4f36-9984-57a397b4345e": "Little Manatee River State Park", 
        "47d75195-08c7-4dae-bef8-c0ad9ac4c9c9": "Little Manatee River State Park", 
        "6ebfcc1d-ab40-4047-8757-53214f0917b4": "Little Talbot Island State Park", 
        "d2a0c7ba-45f5-43c0-ad15-4707172a9ea0": "Little Talbot Island State Park", 
        "32f0a2c5-5217-4024-8a83-a5309d1d9aa0": "Long Key State Park", 
        "ab980009-6ff6-486f-8bca-f1a0855a18e6": "Long Key State Park", 
        "e2c67e66-824b-43ec-94f9-354beedea1a2": "Lovers Key State Park", 
        "73e5ec67-ccc3-49df-ac59-960aa1596a8a": "Lovers Key State Park", 
        "b1e9f788-a8c9-4324-af42-12e7bf52e3b0": "Lower Wekiva River Preserve State Park", 
        "9ea5d3b1-d4bd-4ac7-ae76-c136ebe90b1d": "Lower Wekiva River Preserve State Park", 
        "17bafb2b-2b1f-4d84-8fa5-b7560c78e05f": "Madira Bickel Mound State Archaeological Site", 
        "a9818781-b58a-4180-8d65-f86c835c4a93": "Madira Bickel Mound State Archaeological Site", 
        "208f44ee-482b-41a4-97bb-fe099f23f511": "Madison Blue Spring State Park", 
        "1b16579a-5308-4678-a094-aaa780e137b6": "Madison Blue Spring State Park", 
        "576f5bd2-777b-47ce-8c11-db23545e0ff4": "Manatee Springs State Park", 
        "1c0e216b-2668-4af6-bc33-f8920a366e0c": "Manatee Springs State Park", 
        "8093daf4-dd29-45f5-a48c-979299576515": "Marjorie Kinnan Rawlings Historic State Park", 
        "5e0a7c3e-c2d9-4fb1-847c-19756555ec92": "Marjorie Kinnan Rawlings Historic State Park", 
        "be2bc8d1-b0c7-41f9-a259-95f0fe307c11": "Mike Roess Gold Head Branch State Park", 
        "1034ef83-c92b-4963-bc29-70294dbd18d9": "Mike Roess Gold Head Branch State Park", 
        "7e9bac48-200d-45c3-a757-befdf1212caa": "Mound Key Archaeological State Park", 
        "ee7bec98-d0c6-41c3-85b8-137b938c1e56": "Mound Key Archaeological State Park", 
        "021942d9-f920-4b16-81a8-4bba247a1ac5": "Myakka River State Park", 
        "973a6a66-e97f-4339-b0a0-3a12f0457be6": "Myakka River State Park", 
        "c02a8623-1804-48ad-a22c-ffb600be6bfa": "Natural Bridge Battlefield Historic State Park", 
        "f8648eca-1964-430e-aa52-ae21d9676e06": "Natural Bridge Battlefield Historic State Park", 
        "e3a1d528-6601-40ec-aab2-050e3679810e": "North Peninsula State Park", 
        "52ce7535-0f53-4cfd-8f70-9efefe66a754": "North Peninsula State Park", 
        "33a763d2-1114-4a67-9697-4f9f89a5d3e5": "O'Leno State Park", 
        "a7f4701c-824a-4834-a178-f20517337087": "O'Leno State Park", 
        "bff87532-30f5-43f3-9fb6-08fca00dbfc9": "Ochlockonee River State Park", 
        "b019938e-e21b-447c-8abf-864af47b0ccd": "Ochlockonee River State Park", 
        "4f7daa6d-91af-4a62-b64c-9cda0c497628": "Okeechobee Battlefield State Park", 
        "564e26c2-17da-4afb-b1e3-17aebaf3535c": "Okeechobee Battlefield State Park", 
        "ebf7d77d-a45f-4843-83c7-0bb87f4fd685": "Oleta River State Park", 
        "a3b7f829-620b-4170-b224-3f8e5d5ba660": "Oleta River State Park", 
        "35177e6b-fa42-4a09-a807-0a9a63851d04": "Olustee Battlefield Historic State Park", 
        "129217e9-68c0-4bcf-a3ec-66bf87dfa743": "Olustee Battlefield Historic State Park", 
        "bf5aab7f-fad6-409a-9399-9021b12193f2": "Orman House Historic State Park", 
        "9df662d4-8ffc-4ccf-b153-a33abb101ab3": "Orman House Historic State Park", 
        "0715056a-c875-41eb-bc69-d031a3626638": "Oscar Scherer State Park", 
        "35f73566-47e2-4eff-bde0-a3911ed9032a": "Oscar Scherer State Park", 
        "a4ad3bb6-f006-49ab-8066-77616beecc7f": "Paynes Creek Historic State Park", 
        "ded1abad-d0d9-472a-93de-ef239a136f8b": "Paynes Creek Historic State Park", 
        "c4299234-09f1-46fd-82e2-dadc2944e9a4": "Paynes Prairie Preserve State Park", 
        "38b59535-6a40-420a-b851-a68cc3719635": "Paynes Prairie Preserve State Park", 
        "f1cad01b-009b-4aa1-9376-915be2e041e2": "Perdido Key State Park", 
        "934ab133-efe6-415e-9c56-e26709721507": "Perdido Key State Park", 
        "457ddd94-38f1-43a1-8610-12fc5c9b041d": "Ponce de Leon Springs State Park", 
        "7d62b68b-dff4-4e3c-b1ec-8a2c568f7915": "Ponce de Leon Springs State Park", 
        "b25560eb-afec-402a-880b-f2af880a2b7b": "Pumpkin Hill Creek Preserve State Park", 
        "5c9a695e-532f-4666-8e1e-e84b1128d0f6": "Pumpkin Hill Creek Preserve State Park", 
        "44ddb12f-feba-4232-87e4-b22fa56ea205": "Rainbow Springs State Park", 
        "3c18b290-1c87-435c-9760-e7ac816c2206": "Rainbow Springs State Park", 
        "d218dba5-1863-458e-a82f-dcb332a3a8f2": "Ravine Gardens State Park", 
        "b9ac352f-c850-4997-b680-f01cc89674e2": "Ravine Gardens State Park", 
        "d1719223-4828-4c38-beb1-02abea849cfb": "River Rise Preserve State Park", 
        "b90a6b19-9ab9-4301-8925-1ab6e52045af": "River Rise Preserve State Park", 
        "dee89392-fe49-4379-ab96-3251cd1f7f40": "Rock Springs Run State Reserve", 
        "87c74b66-854d-4d60-8f68-df040a3261bb": "Rock Springs Run State Reserve", 
        "7344b81f-96b1-4a63-9bf5-440deaec5dc8": "San Felasco Hammock Preserve State Park", 
        "73fdf032-d4f4-4af2-90e4-a69a95da64e9": "San Felasco Hammock Preserve State Park", 
        "e56f742c-997e-403b-834f-375b69afe19b": "San Marcos de Apalache Historic State Park", 
        "cb9dfcc9-d3e7-4efe-b7a0-a2029fd487b9": "San Marcos de Apalache Historic State Park", 
        "8db0f742-d6fc-460f-83f2-a0277de386f6": "San Pedro Underwater Archaeological Preserve State Park", 
        "c6343d0f-1e55-4037-a5aa-582a5d3ca4e5": "San Pedro Underwater Archaeological Preserve State Park", 
        "43095293-819f-437a-a9ef-90045e875a07": "Savannas Preserve State Park", 
        "23c24d57-2b81-4082-bf59-f7b23e4be00d": "Savannas Preserve State Park", 
        "394f228e-9866-4292-8822-0e3bc072fc57": "Seabranch Preserve State Park", 
        "c9c1999b-ea9b-4dc3-8bc0-02c4cd64e500": "Seabranch Preserve State Park", 
        "8fd398d9-332e-44a7-91c3-aa2392905918": "Sebastian Inlet State Park", 
        "17b86e4d-cc40-4a03-bf63-e211c3b464a2": "Sebastian Inlet State Park", 
        "b84ef0ea-434f-48a1-af63-70af8a749d2f": "Silver Springs State Park", 
        "2b6a2a98-75eb-41cb-a610-2d7a3ac64a33": "Silver Springs State Park", 
        "5d0ff1fb-0e7d-4b19-a87c-cebd5ff02664": "Skyway Fishing Pier State Park", 
        "acefc80f-bd70-45a0-b767-2849a34e872b": "Skyway Fishing Pier State Park", 
        "a870ed28-bd3a-4dc2-aa04-3e15ea4e5612": "St. Andrews State Park", 
        "d3e82bbd-924f-4b86-822c-a6000f004d82": "St. Andrews State Park", 
        "456a9d34-fbcb-4688-a851-3817f3096dd1": "St. George Island State Park", 
        "acac22bb-f74e-4f62-8cf3-5714272ef948": "St. George Island State Park", 
        "0a0afe9a-6e37-4a15-b373-abb174d18ea0": "St. Lucie Inlet Preserve State Park", 
        "4f087d38-0811-40d0-87d1-aeb3afe7c9b2": "St. Lucie Inlet Preserve State Park", 
        "e86dc893-5a89-4c6d-9600-7680e2d3d971": "St. Marks River Preserve State Park", 
        "dad29e42-6959-449a-9149-4f92801df57e": "St. Marks River Preserve State Park", 
        "7f798f3b-1aa2-404e-8650-b2bb8d35c2d7": "St. Sebastian River Preserve State Park", 
        "5184f9a1-812d-4b10-81bb-ad22db91373f": "St. Sebastian River Preserve State Park", 
        "d42108c3-0c63-4315-abdc-3b52caa7c109": "Stephen Foster Folk Culture Center State Park", 
        "215ab9df-36be-4935-9076-0a95328b9a96": "Stephen Foster Folk Culture Center State Park", 
        "d3a7ca99-91c7-4b61-b2f5-8973091bdd87": "Stump Pass Beach State Park", 
        "fb2951fb-c14d-457a-ab75-120dd0ebd259": "Stump Pass Beach State Park", 
        "addb42eb-493c-4ef4-a217-efe6035e7877": "Suwannee River State Park", 
        "60b69635-b444-4c04-8947-ee1099d97852": "Suwannee River State Park", 
        "6cbaf7f9-3b23-49e1-b703-2af455c69940": "T.H. Stone Memorial St. Joseph Peninsula State Park", 
        "4e96d1bc-8042-4ce2-a722-7407b3d466ae": "T.H. Stone Memorial St. Joseph Peninsula State Park", 
        "415227bd-7b8f-4c78-8d11-a30fa9aba0ea": "Tarkiln Bayou Preserve State Park", 
        "a8c72552-0fb3-48a2-af37-b1395d325e7e": "Tarkiln Bayou Preserve State Park", 
        "15159234-237c-46e3-96ae-46a1a61841a9": "Terra Ceia Preserve State Park", 
        "8b88149b-2ebe-431a-89e2-a081247408a0": "Terra Ceia Preserve State Park", 
        "ed428400-458e-4333-86ea-d36e87801b08": "The Barnacle Historic State Park", 
        "df5c44e1-e795-4b1c-b2bc-a7179c2f347d": "The Barnacle Historic State Park", 
        "bd0a0715-f037-47d9-8f01-10f410df5986": "Three Rivers State Park", 
        "acbfc384-b7ef-4e45-a52e-8e6bb7490270": "Three Rivers State Park", 
        "e43b5232-eea8-46bc-b3df-dc3b0789e36d": "Tomoka State Park", 
        "40712b52-7a5b-49a0-ac31-76fc7e720d33": "Tomoka State Park", 
        "c49e29fc-73b1-4ee4-8546-e6ae76e54091": "Topsail Hill Preserve State Park", 
        "54df8ffc-88f8-4423-804c-00375144f8b8": "Topsail Hill Preserve State Park", 
        "061204fe-f221-45c3-a080-775b527e4f74": "Torreya State Park", 
        "fd9dcd34-fee1-4c86-bd14-1407f87a7484": "Torreya State Park", 
        "b7f2ef91-06ba-4633-9a6f-5fd94812f3be": "Troy Springs State Park", 
        "a08d80fa-f97b-4c12-a3ce-d95184c7bd57": "Troy Springs State Park", 
        "f9c1eb44-e02c-469e-a48e-7195411a1cd7": "Waccasassa Bay Preserve State Park", 
        "e642b329-ac11-4235-8a12-c280a0caa100": "Waccasassa Bay Preserve State Park", 
        "fd469c4c-cc44-4f52-a4f8-95dc2ced722e": "Washington Oaks Gardens State Park", 
        "8548bb70-d736-454d-bb7e-bdff08df75f1": "Washington Oaks Gardens State Park", 
        "2f078e6a-2da7-4034-a0e1-425e58aa9148": "Weeki Wachee Springs", 
        "27221578-d013-4de3-a854-a5386f02e6fc": "Weeki Wachee Springs", 
        "6bf3a4f0-bfb9-42fe-9b0a-f08df39092ac": "Wekiwa Springs State Park", 
        "0607f388-abe4-48c3-8d3e-2e6064aad197": "Wekiwa Springs State Park", 
        "61681e40-697f-46fc-bf0a-1f35a1d49efd": "Werner-Boyce Salt Springs State Park", 
        "4a5ccdd1-8dfd-46c2-8a73-fbab7f02831e": "Werner-Boyce Salt Springs State Park", 
        "7c987846-8f1a-440b-a31b-bcddeb3cdcd7": "Wes Skiles Peacock Springs State Park", 
        "fe4abc17-f5cf-494c-ab47-0104bf414adb": "Wes Skiles Peacock Springs State Park", 
        "942ed3cb-8635-4c13-8914-d7be80bcf922": "Windley Key Fossil Reef Geological State Park", 
        "cc85b530-ff4b-43fc-9ced-8ac1fc824582": "Windley Key Fossil Reef Geological State Park", 
        "52a1a226-b3c1-47a0-a3fd-9a415c2ef3a9": "Ybor City Museum State Park", 
        "d97d0d82-cfc8-4434-85fe-91431a473d23": "Ybor City Museum State Park", 
        "778b7797-2256-47d5-99d1-b5a82049dbde": "Yellow Bluff Fort Historic State Park", 
        "cb424c7b-6041-4250-ac06-01cde4228fe9": "Yellow Bluff Fort Historic State Park", 
        "13fdff3e-c282-40bb-a769-0f2c6c449f58": "Yellow River Marsh Preserve State Park", 
        "6627c069-b139-47e6-b02f-efaa6084866c": "Yellow River Marsh Preserve State Park", 
        "82f25fc6-3520-4d27-91e3-dfbbd9699f6e": "Yulee Sugar Mill Ruins Historic State Park", 
        "4ba69b47-da48-4255-816c-a9195b4dcecc": "Yulee Sugar Mill Ruins Historic State Park"
    }, 
    "Ownership": {
        "225a0735-339c-464c-bcf4-27f33231ad29": "City", 
        "e88bb68e-f4c2-49fd-a5bf-67101831b5f0": "County", 
        "7c19dbe6-4d83-4f14-be4b-a4d063fe642d": "Federal", 
        "8dac0cb7-3ce4-4c45-bf85-e616b668e418": "Foreign", 
        "5462101e-6628-47cc-aab0-aa909f8bcca9": "Local government", 
        "565356ac-ca4c-45b9-a88b-ad7f6cc30abc": "Multiple categories of ownership", 
        "1227251a-df43-47cc-8d14-3a841b5d1958": "Native American", 
        "4210de35-48e7-4fa7-bd39-2f1e8bf25511": "Other", 
        "c357d747-593c-4d02-b338-231b68cb03d8": "Private-corporate-for profit", 
        "af967411-7adc-45ea-b827-99d839a4acc1": "Private-corporate-nonprofit", 
        "3614989f-a3cc-407d-91ae-824c938c51d7": "Private-individual", 
        "d1396e2e-ee42-4f36-b5f6-6cb62069816d": "Private-unspecified", 
        "c4c527a6-9a5b-4354-95f7-35cc4e2fe305": "Public-unspecified", 
        "6660d20e-3e5f-41b3-8bd9-27e922eae9d7": "State", 
        "b6ca9bc4-37bb-4b66-8325-75b681b9dffe": "Unknown", 
        "c34d30b3-bf7a-4f94-aecc-66981469f84d": "Unspecified by surveyor"
    }, 
    "Visit Type": {
        "66c15ac1-8229-4d1f-a70e-75d24ff406e4": "Follow-up", 
        "1d2d300b-a5ee-4c7e-a677-2459bb59f52e": "Follow-up", 
        "62b28467-4c55-49e4-9bda-a2b63db09e0b": "Initial", 
        "3d98a661-1788-4025-9355-69c23c7c7266": "Initial"
    }, 
    "Resource to Resource Relationship Types": {
        "ac41d9be-79db-4256-b368-2f4559cfbe55": "is related to"
    }, 
    "Overall Site Condition": {
        "448cd9b1-c5bc-4207-9530-52dfa7791098": "Fair = Declining", 
        "171b2749-31b1-454d-ad7e-9b2bdfbdadb6": "Fair = Declining", 
        "7f8f0311-48c4-4d2a-b70b-f8a288d5a7a6": "Good = Stable", 
        "ad4b2d41-6045-4a9d-a92f-d9aa4d6a5b3e": "Good = Stable", 
        "1803521d-435a-461d-9d24-4d2d91f6b5d7": "Poor = Unstable", 
        "0cfc0dbb-a702-4518-b8b1-91d72127aca7": "Poor = Unstable"
    }, 
    "Exterior Fabric": {
        "2dffba08-b29d-48db-80de-2b28909610c6": "Aluminum", 
        "ca41e4d5-8969-44da-b44e-1c416380bb0e": "Artificial masonry veneer", 
        "55adcc9c-e649-42fe-a3cf-ce06fd44f5ca": "Asbestos shingles or siding", 
        "4f666925-3cd7-4568-8964-bd038a2e7279": "BEC ceiling board", 
        "7466ab5e-1302-4fa9-a3d8-3e54a9cc3aa6": "Board and batten", 
        "dddd6c60-6d8e-4319-9e18-1cbc7f80083b": "Brick", 
        "22e09ecc-84d0-494a-9b7b-8149cfe8d78e": "Cast iron", 
        "6c49956b-3e8c-4245-a355-5eed4d64ddd8": "Composition Board", 
        "e0a0c8e3-b4c9-4dc3-9974-990790e89192": "Concrete", 
        "7cea1229-0b3a-47c7-88a1-e8a6f8f86255": "Concrete block", 
        "2f6afc13-353f-4d9a-b59a-bbf0880dc922": "Concrete block-mold", 
        "578afc0d-68a3-4306-8d81-b1020317e217": "Concrete-poured", 
        "59c882e0-c276-451c-bdc7-516b0cab8f30": "Concrete-pre-cast", 
        "80bf57ab-aa2e-4f91-9c55-de232753e0a3": "Coquina block", 
        "184659fa-1ada-4951-9329-28218b64a259": "Drop siding", 
        "b792537b-fbbd-4704-b6e6-d2189d2236ef": "Fiberglass", 
        "b21b30c3-2472-40d9-a361-82ae08c0101b": "Flush wood siding", 
        "7d444c31-6dd9-4b6a-a244-ed0e10eb192a": "Glass block", 
        "39f0d99c-9fb7-48e4-b128-dada07a61bf1": "Glazed masonry", 
        "de0e4f5e-50ba-4f74-ad6b-15055ee63486": "Hewn log", 
        "264a41c6-1dd3-47c7-af6c-4baf9e969847": "Horizontal plank", 
        "9c53fac3-6422-4a5a-9d27-0a971ff4e8ac": "Log, not further specified", 
        "4766faf3-3785-4eeb-a5a5-d3955ea50a38": "Metal", 
        "94114f8b-b699-405e-b67d-cab2827c9c05": "Mineral fiber cement", 
        "dbe21834-f802-494a-9a67-df8091aa773b": "NULL VALUE", 
        "d413d399-3eb1-4eef-b0a8-b6b19d783bfa": "Narrow routed siding", 
        "842aa931-357e-494b-99b0-40b8757b3a31": "Not applicable", 
        "2db42b61-80e5-4e49-8d7e-921d754afd24": "Not specified by surveyor", 
        "7bad65fd-ed27-42ed-870c-6916f2ae586e": "Other", 
        "2558523c-16e5-4c11-9b09-029ac7e52f3c": "Pebble dash / Artbrick, artstone", 
        "3cf72d0c-6049-4c86-a313-27beafb6fcae": "Pigmented structural glass", 
        "1d583821-5a87-4df7-a09c-d08a677442d3": "Plastic", 
        "9aca8fbd-450b-4474-a645-0a20340f4097": "Poured tabby", 
        "e0e3c8c8-492f-4777-87a4-d2a2fd3b53ef": "Pressed metal", 
        "5ed55562-96c0-41bb-8b54-baf65af0db23": "Rolled asphalt/Composition Roll", 
        "8c6d6dd6-46e0-47b4-9eaa-6c2e52bc5a91": "Round log", 
        "ec6eaaa0-ccf8-4f39-b5a5-41286246e3f7": "Shingles, asphalt (or unspecified)", 
        "60a787dc-6213-4494-a32f-33957490f761": "Shiplap", 
        "ba7a65bd-215c-4f72-a36f-866c52dcc0e8": "Slate shingles", 
        "8ff934a2-9d34-4b27-aa09-d9227d83ee77": "Split log", 
        "44834c37-cc40-4179-8250-7f785a949200": "Steel", 
        "1870a76f-1fe7-481d-9934-2b924d2ec0c0": "Stone", 
        "3ff5ffd6-2f55-4fc6-91f8-205fa787e224": "Stucco", 
        "c689cabd-df3d-4a0f-8e60-187b73f2fbae": "Tabby brick", 
        "008a2f85-775d-4eee-b3a2-ecd0e132ea0a": "Tar paper", 
        "72f45721-3a49-4e53-a467-02eb5072babd": "Terra cotta", 
        "a94b7a8c-100e-4a7f-9d4a-e62c311a5a4a": "Unknown", 
        "4d6b2b82-16b5-4ce1-a2ec-bf34283c7a78": "Vertical plank", 
        "0b7728d8-8544-424d-94b7-60f9f93e1e34": "Vinyl", 
        "d1b515f1-8cf9-4863-b388-064e5b5983a8": "Weatherboard, Clapboard", 
        "182efc64-e09e-4819-9bd8-6c2b9a8d1b9c": "Window wall", 
        "0840bbd5-c30e-4d43-ac17-f0b3aae30e16": "Wood shingles", 
        "27db7445-73d2-4bb6-97c4-f0d24b36dee4": "Wood siding", 
        "fb30afae-e8d3-4d45-8858-198ace032437": "Wood/plywood"
    }, 
    "Visit Time of Day": {
        "12365af0-a2c7-4e44-ae8f-b3a3a8b5dbf1": "Afternoon", 
        "ba010e38-e7d4-4cac-af6f-295f1174569f": "Evening", 
        "115676f1-03d3-4c4f-a560-ac1066491f37": "Morning"
    }, 
    "Surveyor Evaluation": {
        "bf52abf6-2d87-4f63-aa08-85263e2f20da": "Eligible for NRHP", 
        "1cab7d2e-ad43-4ae8-8b07-f4c8739b5599": "Ineligible for NRHP", 
        "67f1cc16-89c3-40c8-bdca-c9ebd962fa5b": "Insufficient Information", 
        "8ded7f38-518a-49a5-a408-c87aae6d65f6": "Likely NRHP Eligible", 
        "71377cfe-579d-46ad-adee-1787791727b2": "More Work Recommended", 
        "3e4f4741-ef2e-4127-beeb-7c39563795bf": "No Further Work Recommended", 
        "0011a1ef-ab66-48a8-8fdb-8fe99a662a66": "Not Evaluated by Recorder", 
        "76cb4ab8-f2ad-49fc-afda-b8e70ae50399": "Preservation Not Recommended", 
        "131c229c-65c9-48de-b8d2-8b23b26b41da": "Preservation Recommended"
    }, 
    "Structure Use": {
        "0a63480d-e66e-46bf-8dad-5a310cbb1505": "Abandoned or vacant", 
        "31f62cb9-6a11-420e-a5cd-cbb220b74efb": "Agricultural", 
        "978f8195-94f5-4c72-8989-c02b2b8b153a": "Airport", 
        "e4b7f18f-78f6-49cc-9db6-55bb959e2d9e": "Animal shelter", 
        "b4f7c9d1-89cb-4f05-921e-98c8dba993af": "Apartment", 
        "9ad149c3-153c-4d0f-a044-569244c5445f": "Armory", 
        "64b2a9f1-efab-4eda-b8ce-ffb204d9e68f": "Automobile dealership", 
        "1d004154-5e0d-4757-b967-865cf8ae4173": "Bakery shop", 
        "84653155-c41b-44ce-8d9e-448876513f52": "Band shell", 
        "bc642fcc-13b7-4fef-a348-05710d108b94": "Bank", 
        "3873065f-0c9a-4c48-80f0-f7b7a25bde8d": "Bar", 
        "de36259a-a638-4857-837c-37d7f526a58a": "Barber/Beauty shop", 
        "4032e630-3c45-4dda-9f60-e710c2880b92": "Barn", 
        "62ee175b-21f3-49b8-8a82-1811a8c23e80": "Bed & Breakfast", 
        "675a6bbe-3fab-4fdb-b89d-da0fe44042f3": "Boardinghouse", 
        "cc1902be-7d75-43e0-aa2d-1bdafa0016c7": "Boat ramp", 
        "11dd0b10-5013-4820-aca2-453542b290a8": "Boat slip", 
        "1d1cf9f7-765c-4e63-9ea0-ce0d47dcc3a9": "Boathouse", 
        "73e7e5e6-18f8-48a8-ab53-a96fa7e04a22": "Boatworks, repairs and service", 
        "af43a929-3dda-4e34-9c68-a975decc44ef": "Bridge", 
        "7476ee85-7100-4491-8180-1bb91ae27ddb": "Cemetery", 
        "cab9127c-f915-4b79-931b-7e2aa6a1cf19": "Charnel house", 
        "78a49757-7519-4f2d-b138-5ca4476bdc44": "Child care", 
        "2d2fa9ef-7ab7-4248-a829-a6d492dec2d4": "Church/Cemetery complex", 
        "0af61260-c5e3-41d2-98a1-ceae003235d4": "City hall", 
        "455c1fa1-a3eb-4fec-b434-f566afad6568": "Civic center", 
        "b2680c75-3921-440d-9893-3f585f00a2b5": "Commercial", 
        "9990e67f-2445-4931-b638-e599d2660434": "Commercial and apartments", 
        "e430911b-8c8c-4370-9845-c412004f85f7": "Commercial and residence", 
        "21848908-d06f-4b1e-844d-63c5b9dcfac7": "Communications-related", 
        "3bd8a4c5-83c8-46a7-ad55-9e2eb18c94b8": "Community center (e.g., recreation hall)", 
        "e9c693b7-d6ad-4981-937f-abfbb090bde9": "Control tower for air traffic", 
        "04ea0dd9-072e-441a-ae91-89257f473e9a": "Convent, Monastery", 
        "f1a9c1d3-c792-4ec4-9d13-64675c00fc3c": "Courthouse", 
        "6bf277f3-73de-4c3b-b5da-5f37520c68ad": "Dairy", 
        "2a93ec99-90dc-415f-b692-b4c07a1382dc": "Dam", 
        "0637cd5b-edf1-4624-9e9f-a0ea7ab39524": "Department store", 
        "02cecab4-f806-4727-b6da-8bb818f9339a": "Destroyed", 
        "f141f23b-b4ed-499b-a864-50d91c375570": "Dining hall", 
        "999a259d-a87d-4418-84cf-bc5e34531c77": "Dining hall or Cafeteria, not retail", 
        "0cc2fc69-6a4b-44bc-855e-605855fa70c9": "Duplex", 
        "f63e1e16-b5d0-4f34-a611-343bd7b49440": "Education related", 
        "d1e6d6f9-3849-4a3b-b61c-86c1b1e40870": "Entertainment", 
        "0f0dc475-c7bf-458b-9ca2-3c725b3da4d1": "Farm", 
        "51f93696-fdab-4e63-b7a1-31564e559c99": "Firehouse", 
        "800e589e-8230-40a6-a7e3-c6012c046cf3": "Fish house", 
        "0aa9649c-07ed-46d5-95a8-bcd1baf6bc59": "Fitness center or spa", 
        "c44f6104-8b8f-425a-93fd-f6f3b4846cbf": "Fortification", 
        "3838b063-c6fd-49a6-b2b5-eb24e53640af": "Funeral home", 
        "34fa226c-7a02-4cb4-bd3c-851352f7094d": "Garage", 
        "9bccacf2-4fe2-45aa-865a-625a52c014f2": "Garage apartment", 
        "20183acd-0ada-4913-9f5e-dfc6c0778abf": "Gateway/gatehouse/arched entryway", 
        "27aedcb6-4e88-48e7-9d83-2b7f9214215e": "Gazebo", 
        "7d451d17-48e7-4e3b-ae46-d10fafa76b11": "Golf course", 
        "a9061ad0-ca33-497e-98d0-614f4b6ff8a4": "Governmental Offices", 
        "a6400b93-ceba-4796-b3a0-f645110f8005": "Greenhouse", 
        "3619b258-6896-4bec-a87c-2a245c8721a9": "Grocery store", 
        "69c18ffb-c9d3-46ee-b79a-8b54d51b6074": "Hall", 
        "1f78c1a4-2e2b-42ee-a512-e7b13057f2fc": "Hangar", 
        "d13f01ba-0a6e-499a-b01b-188348267997": "Hardware store", 
        "c1f1e711-7fe8-493f-8052-1424a1e1bd50": "Health center", 
        "6eb25153-7d8f-49cc-9e7f-44336a976e8d": "Hospital", 
        "3866bf08-5066-468a-939a-21e27726386f": "Hotel, Motel, Inn", 
        "31ee22f8-3940-45ae-8440-f6a3d5328542": "House of prostitution", 
        "cb31e96f-bd5e-4421-b1df-fe6de8f38f05": "House of worship", 
        "629c2c87-6761-4c2d-9246-e0befbae3197": "Icehouse", 
        "84b56ddc-a3a9-402a-8894-73092d8d7fbd": "Industrial plant", 
        "cd936870-dc19-4f9f-8661-abc6d765224b": "Kitchen", 
        "41604132-8afa-4c20-a1dd-4ccbde7eadc8": "Laboratory--research", 
        "237f0511-4d12-42e0-83df-a0ec72523702": "Launch pad", 
        "a33d5d24-c0c5-45a0-8379-547791d52c91": "Laundry", 
        "8c78ad1f-cea8-464f-8b70-4311470a7ff8": "Library", 
        "59d123a3-b2d8-42a2-a54e-4089b605d43c": "Lighthouse", 
        "cd206c5c-43e0-4410-947c-227cda634e50": "Lock structure-canal", 
        "89f3a455-8a5d-4712-83fa-979ff6ac1178": "Lodge (club) building", 
        "0d7dd3ca-da41-4992-8210-e453fd2cbdf7": "Market structure", 
        "88452165-880a-4241-b2a4-a42147a81e8f": "Mausoleum", 
        "bbcfd688-8706-479c-829f-5ea871f8a8f7": "Medical", 
        "22ea6ea3-d4b9-4232-9a4d-73ad6592eae1": "Meetinghouse (religious)", 
        "693d950a-910b-4a6b-8d1a-9f303584bf7b": "Migrant housing", 
        "27bebfcd-589d-4361-9cd3-9e751edc2afb": "Military", 
        "28f47aee-1d13-437a-a1b0-eb111dd36da9": "Mill", 
        "2db70cc6-4971-4f81-8ed6-d734b42afe10": "Mobile Home/Trailer Home", 
        "37e4910f-d26b-474c-afcf-674e7b50e713": "Monument, Marker, Statue", 
        "fca0b4c0-a5fd-4837-9935-772081721062": "Moonshine Still", 
        "889b3cc4-70a7-4f20-a3bb-f3d5ba8a2354": "Multiple important uses, as for a distri", 
        "f060c93f-74a1-4fb4-90c0-16496e68bb15": "Museum/art gallery/planetarium", 
        "bd6e3249-dfe7-4741-8eeb-7daaae8df8c4": "NULL VALUE", 
        "336b2793-9833-4d99-8ee6-8156fb485e64": "Not applicable(district or thematic grou", 
        "fe11f5fd-e9a0-4db7-b526-2df6d9f3f56e": "Nursing home", 
        "92b3a465-472e-4367-b0fe-87e29221eec4": "Office", 
        "15553559-c070-4ae1-b6c4-91e7a1244bcb": "Office building", 
        "e77882d3-e312-48f3-8d76-cd34994d4cfa": "Orphanage", 
        "2aa3ba5e-cd1c-4282-b68e-20b3eb73b2b4": "Other", 
        "317da736-0a68-48c5-acb6-64de5aa6e375": "Outbuilding", 
        "faccda18-e24c-43e3-8bc7-0bb273d871f2": "Outhouse", 
        "0e43a766-431e-4f3b-b06e-459c052d725b": "Park", 
        "c2e2b682-a72b-4ab9-ad35-2f97737a2c0c": "Pavilion", 
        "fd591a32-541e-454e-bd29-ea0899e8bfe1": "Pharmacy", 
        "cb9fad12-28f4-4993-8893-107233dee20b": "Pier", 
        "1e669768-ca35-4bd7-a424-abf9862573ea": "Plantation", 
        "43f15e4e-d813-43de-ae52-964759738515": "Plaza or square", 
        "f510bcf7-85b9-4c1c-bfa9-8193e3e4d7aa": "Police station", 
        "2e300d72-d1bf-4aef-8b69-f0fea3a9429c": "Post office", 
        "a02e0595-5c9c-4040-88d3-9bba00cc95eb": "Power plant", 
        "f6c035b3-b29c-42de-82d9-6e3453db17b3": "Prison", 
        "638bf25d-fa99-48ae-9ccf-756707692628": "Private residence", 
        "82d506cc-1b1f-4635-8bc7-2476529f8ff0": "Professional**", 
        "60031916-d6a2-47c6-b6f5-432c11ab32f0": "Raceway", 
        "135c2d2e-a99a-4cf2-848d-a22561663d25": "Recreation--nonbuilding", 
        "d23e7f64-151b-4442-95fb-ef545a4703cb": "Restaurant", 
        "6952ca6b-a03f-4df3-85ce-d066251e8bbd": "Retail establishment", 
        "0c806062-f65b-4c4c-9adb-12037502d1ed": "Road", 
        "49e6f82e-b7a3-4dd5-ba93-778422a68487": "School, University, College", 
        "6687aa24-a8b7-469c-8afd-32565343b714": "Seawall", 
        "b8f18540-5c26-42c0-8d96-a18e856a0378": "Service station", 
        "82ae50a5-791a-46ed-809a-3235061f7af0": "Sewage treatment", 
        "7b8df9d0-7fec-4b14-b2c5-6afac6603d72": "Shoe shop", 
        "f341ff57-6da0-4c81-8a57-73aff73f8c64": "Shop", 
        "0fd35489-1819-4959-8f7c-57ec68d0210f": "Shopping center", 
        "013cd9be-ebdf-4b5e-a5d4-1922414ed930": "Slave quarters", 
        "a048dad6-da1a-464d-a53d-0d30b2fe63ff": "Smithy", 
        "2461c1f1-6087-4e3d-a8b7-31ae17ca5f2a": "Smokehouse", 
        "8cc8951d-297d-46e1-9293-5be1918d15a1": "Springhouse", 
        "d27d68a8-b1e7-4378-8db4-9af08201d2eb": "Stable", 
        "7ecb7815-788c-4f94-a101-64f29de37f61": "Stadium", 
        "359f1972-bc05-4475-96b7-b9b92dfa9195": "Swimming pool", 
        "3ae18e98-9710-4729-b615-12bade25e54a": "Temple (religious)", 
        "49dda27f-4a10-4d79-86a0-357a00b1b2d6": "Terminal, Air/Bus/Rail", 
        "6b911035-62e7-4e80-b8c8-80340e49f6f4": "Theater", 
        "c4a49d52-b8ae-4517-b1d2-b49dfb375d8e": "Theme park (resort complex)", 
        "83f85aa7-51a3-41d2-af50-9d967873cd7d": "Tower", 
        "c51765cc-7670-49fe-b626-e41251cb590e": "Transmission structure (electrical)", 
        "c1f33cf0-88d7-4926-b930-167b6430639d": "Transportation", 
        "457dc365-bb56-4843-b423-38336eebc1b8": "Turpentine Still", 
        "0a1e36c0-784a-4324-917b-1547a7d51646": "Unknown", 
        "683652eb-948b-4bd2-8d70-75734816cd1a": "Unspecified by documenter", 
        "8e367469-1eb7-4c5f-97b8-6d2f2689fd08": "Vehicle-road or rail", 
        "ea87270a-5802-4194-a7ae-d77fbd4e8ea8": "Vessel--watergoing", 
        "b003aa04-812b-4303-b37f-98cc82cd376d": "Wall", 
        "9b389239-1545-4e41-905e-43b7049e5606": "Warehouse", 
        "c92ce5ee-1763-47d9-a29d-2f8f285aaa52": "Water Tower or Supply Structure", 
        "093f0865-43fb-4e5f-a499-2c5683c4bb3a": "Water fountain", 
        "fabb1fc6-35ff-47e1-9583-92fe8725eb54": "Zoo"
    }
}