{
    "Style": {
        "8f75d4d7-0adb-4912-8216-f131eee067cb": "Art Deco ca. 1920-1940", 
        "20a69d38-1a48-49f6-959c-1c3c50045c64": "Beaux Arts Eclecticism", 
        "88612f21-d24f-4da6-8994-12ff939d57aa": "Box (American 4 Square)", 
        "21a1b56c-e5fd-451d-a97f-008bbe28b4b7": "British Colonial ca. 1763-1783", 
        "5a7f4a7b-501a-475d-bdbf-000870e29576": "Brutalism ca. 1955-1970", 
        "6039fbcc-46c7-42bb-96a6-7e417561b83a": "Bungalow ca. 1905-1930", 
        "4c28ab2e-8cec-4e4d-b0b1-a167f8acf206": "Collegiate Gothic ca. 1900-1940", 
        "d1dccb46-102b-402a-bc51-48d2f310b3b7": "Commercial", 
        "01c8268a-5342-4d3d-97e9-9f5b365e04d5": "Craftsman", 
        "75f0bb8c-6902-4191-9880-fb7461698a2b": "Dutch Cottage", 
        "722b0c8e-160f-435f-814e-9a73c5412912": "Egyptian Revival ca. 1835-1890", 
        "14c183ed-3ce4-45cd-a06b-167c1367c68e": "English Cotswold Cottage", 
        "b8543739-b2d0-4769-87a1-6faf9a1961de": "English Georgian Cottage", 
        "e7498c65-0615-42b8-a8dd-aa940b8368b4": "English Tudor Cottage", 
        "95eb927b-af10-4c5c-ab7e-716488bffe77": "Federal (Adamesque) ca. 1780-1840", 
        "1fd98c43-e26f-4976-9fba-a23a273e9700": "Frame Vernacular", 
        "6d4f54cb-bef9-47c7-93f2-2c4700091ba4": "French Colonial", 
        "14ed3e1b-5a27-45cb-af91-3a6811d8a4e6": "French Cottage", 
        "42c2bede-6b34-456c-bd35-bcdef47dd0b2": "French Renaissance ca. 1880-1910", 
        "031277a0-7c05-4296-b269-1ce310001a19": "Georgian Revival ca. 1880-present", 
        "316c3b59-77a8-4161-8e24-86d51f7361fd": "Gothic Revival ca. 1840-present", 
        "5bf74c65-ee75-4cf4-8864-4bbeb9bcc667": "Greek Revival ca. 1825-1860", 
        "9548ae3f-39d4-42b5-bf53-201c55a016c8": "Industrial Vernacular", 
        "6713cf1d-480c-4950-9626-18e8868f5e17": "International ca. 1925-present", 
        "df69f0b5-ada6-4087-8cee-aa7335324541": "Italian Renaissance Rev ca. 1880-1935", 
        "d736c60b-e146-4649-8310-477f3cbf5a18": "Italianate ca. 1840-1885", 
        "fc97291b-8899-4984-b0c0-b3e8173d97b3": "Log", 
        "519efbb1-8abe-4a63-95d4-cd59faa18446": "Masonry vernacular", 
        "f31fadb4-1fcc-496c-9d3a-975a09b22611": "Mediterranean Revival ca. 1880-1940", 
        "b6d8b7b4-d83a-4a37-85e1-49137dd4715c": "Mid-Century Modern ca. 1940s-early 1960s", 
        "cef01e99-1acb-4924-871a-6f9eccc2dd68": "Minimal Traditional", 
        "c21ccb5b-487c-4727-a76f-48e1b2d8dbca": "Mission", 
        "737bbeb2-17bd-421f-b659-e9f379a752f8": "Mixed, None Dominant", 
        "0ab2bfe3-37fe-4072-8251-6eed074f143f": "Moderne ca. 1920-1940", 
        "29636936-aeb1-4791-8f89-13cd2a6a514d": "Monterey", 
        "ff4993d6-8527-44c6-8b1c-ecb4c4d30a6c": "Moorish Revival ca. 1880-1910", 
        "4f1a37f6-6590-4cb2-8bbd-d53eece32249": "NULL VALUE", 
        "04872a95-db97-48bd-8da5-0156696c8441": "Neo-Classical Revival ca. 1880-1940", 
        "5067604f-bf7b-42d0-89f1-e4621a01e822": "New England Cottage", 
        "4a14ea03-c0b5-44f8-9541-dba79ef9e230": "No style", 
        "7afb9020-abeb-41ed-a26b-eb063a543f4b": "Not Applicable", 
        "6edb3a72-e307-4160-9f11-de1d25bc034b": "Octagon", 
        "225ff4c5-bd14-4d39-91da-28649b00f778": "Other", 
        "f1299fcd-c367-4ec1-bb03-a017c798f33a": "Prairie ca. 1900-1920", 
        "bc2c8694-8a92-415d-8ad1-b9cb59597014": "Pueblo", 
        "e5f112e0-0f2b-4520-b59b-969fe92b81c7": "Queen Anne (Revival) ca. 1880-1910", 
        "efbf9c21-369f-4b43-8e57-e74f94ab5848": "Ranch", 
        "908bd184-b384-4078-8e3c-e62f1ac3bba2": "Romanesque (Revival) ca. 1880-1900", 
        "e7517edd-cdde-460b-8b6e-7f14930cc408": "Second Empire ca. 1855-1885", 
        "33575514-6e51-4ed1-87aa-42527664a73f": "Shingle ca. 1880-1900", 
        "5a29b5a1-039c-4c2f-84d3-8c5334da3219": "Spanish Colonial 1565-1763, 1783-1820", 
        "9c9f8fa8-5576-4b70-b881-df456879f988": "Spanish Cottage", 
        "541f0266-7d59-48d8-838f-00ad425a33e6": "Split Level", 
        "f68facfa-61ad-4a26-8396-23ccc418afcb": "Stick ca. 1860-1890", 
        "7fa4aff2-eee4-451e-88f0-268fd0bfe5f0": "Tudor Revival ca. 1890-1940", 
        "03618b5a-538f-4d51-9876-75b2d5e0b9a6": "Unspecified by Surveyor"
    }, 
    "Threats": {
        "180efc49-4660-4650-b7bb-d9ec6fd1cec9": "Active Erosion", 
        "81178803-cfb1-4d23-b7dd-87fd6bc35b39": "Animal disturbance", 
        "374974c9-ac1c-4079-a89a-6ab886e044eb": "Development", 
        "68e804cf-2bd4-45dc-a0b7-7fb7488ad3c2": "Flooding", 
        "f4d226a6-8378-4f52-9bc9-809f344607a3": "Other (describe below)", 
        "f03f8806-2351-423b-b9f0-d98f0a37fafc": "Storm surge", 
        "813c4266-3309-416b-9031-f4e4d4ad6678": "Vegetation growth", 
        "371aa906-c034-4e36-9b1b-6677ec31bdc3": "Vehicle damage", 
        "a8c78e50-0c8f-46f1-b6a7-50f280cb9c63": "Visitor traffic", 
        "18e9458f-4893-4e79-84d8-01d9b8dca5c2": "Wave action", 
        "6a1c8d3a-159a-4003-9361-f0d379f06698": "Wind"
    }, 
    "Surveyor Evaluation": {
        "bf52abf6-2d87-4f63-aa08-85263e2f20da": "Eligible for NRHP", 
        "1cab7d2e-ad43-4ae8-8b07-f4c8739b5599": "Ineligible for NRHP", 
        "67f1cc16-89c3-40c8-bdca-c9ebd962fa5b": "Insufficient Information", 
        "8ded7f38-518a-49a5-a408-c87aae6d65f6": "Likely NRHP Eligible", 
        "71377cfe-579d-46ad-adee-1787791727b2": "More Work Recommended", 
        "3e4f4741-ef2e-4127-beeb-7c39563795bf": "No Further Work Recommended", 
        "0011a1ef-ab66-48a8-8fdb-8fe99a662a66": "Not Evaluated by Recorder", 
        "76cb4ab8-f2ad-49fc-afda-b8e70ae50399": "Preservation Not Recommended", 
        "131c229c-65c9-48de-b8d2-8b23b26b41da": "Preservation Recommended"
    }, 
    "Location Verification": {
        "b32ddf3e-753b-4c97-b113-dd673b9edaf8": "Mission location verified", 
        "66248378-2209-4f3f-930c-2896ae455730": "Site could not be found", 
        "ef817be4-59d5-49ae-bf4e-d58fb78f3324": "Site found but in different location"
    }, 
    "Priority": {
        "6475fae7-797d-4c40-b7d7-d6070ed38958": "High", 
        "71ecc9bf-1cda-47aa-a5e2-c05ecaf8bb4b": "Low", 
        "3af799ea-5188-4422-8b24-5f341f92c576": "Medium"
    }, 
    "Exterior Fabric": {
        "2dffba08-b29d-48db-80de-2b28909610c6": "Aluminum", 
        "ca41e4d5-8969-44da-b44e-1c416380bb0e": "Artificial masonry veneer", 
        "55adcc9c-e649-42fe-a3cf-ce06fd44f5ca": "Asbestos shingles or siding", 
        "4f666925-3cd7-4568-8964-bd038a2e7279": "BEC ceiling board", 
        "7466ab5e-1302-4fa9-a3d8-3e54a9cc3aa6": "Board and batten", 
        "dddd6c60-6d8e-4319-9e18-1cbc7f80083b": "Brick", 
        "22e09ecc-84d0-494a-9b7b-8149cfe8d78e": "Cast iron", 
        "6c49956b-3e8c-4245-a355-5eed4d64ddd8": "Composition Board", 
        "e0a0c8e3-b4c9-4dc3-9974-990790e89192": "Concrete", 
        "7cea1229-0b3a-47c7-88a1-e8a6f8f86255": "Concrete block", 
        "2f6afc13-353f-4d9a-b59a-bbf0880dc922": "Concrete block-mold", 
        "578afc0d-68a3-4306-8d81-b1020317e217": "Concrete-poured", 
        "59c882e0-c276-451c-bdc7-516b0cab8f30": "Concrete-pre-cast", 
        "80bf57ab-aa2e-4f91-9c55-de232753e0a3": "Coquina block", 
        "184659fa-1ada-4951-9329-28218b64a259": "Drop siding", 
        "b792537b-fbbd-4704-b6e6-d2189d2236ef": "Fiberglass", 
        "b21b30c3-2472-40d9-a361-82ae08c0101b": "Flush wood siding", 
        "7d444c31-6dd9-4b6a-a244-ed0e10eb192a": "Glass block", 
        "39f0d99c-9fb7-48e4-b128-dada07a61bf1": "Glazed masonry", 
        "de0e4f5e-50ba-4f74-ad6b-15055ee63486": "Hewn log", 
        "264a41c6-1dd3-47c7-af6c-4baf9e969847": "Horizontal plank", 
        "9c53fac3-6422-4a5a-9d27-0a971ff4e8ac": "Log, not further specified", 
        "4766faf3-3785-4eeb-a5a5-d3955ea50a38": "Metal", 
        "94114f8b-b699-405e-b67d-cab2827c9c05": "Mineral fiber cement", 
        "dbe21834-f802-494a-9a67-df8091aa773b": "NULL VALUE", 
        "d413d399-3eb1-4eef-b0a8-b6b19d783bfa": "Narrow routed siding", 
        "842aa931-357e-494b-99b0-40b8757b3a31": "Not applicable", 
        "2db42b61-80e5-4e49-8d7e-921d754afd24": "Not specified by surveyor", 
        "7bad65fd-ed27-42ed-870c-6916f2ae586e": "Other", 
        "2558523c-16e5-4c11-9b09-029ac7e52f3c": "Pebble dash / Artbrick, artstone", 
        "3cf72d0c-6049-4c86-a313-27beafb6fcae": "Pigmented structural glass", 
        "1d583821-5a87-4df7-a09c-d08a677442d3": "Plastic", 
        "9aca8fbd-450b-4474-a645-0a20340f4097": "Poured tabby", 
        "e0e3c8c8-492f-4777-87a4-d2a2fd3b53ef": "Pressed metal", 
        "5ed55562-96c0-41bb-8b54-baf65af0db23": "Rolled asphalt/Composition Roll", 
        "8c6d6dd6-46e0-47b4-9eaa-6c2e52bc5a91": "Round log", 
        "ec6eaaa0-ccf8-4f39-b5a5-41286246e3f7": "Shingles, asphalt (or unspecified)", 
        "60a787dc-6213-4494-a32f-33957490f761": "Shiplap", 
        "ba7a65bd-215c-4f72-a36f-866c52dcc0e8": "Slate shingles", 
        "8ff934a2-9d34-4b27-aa09-d9227d83ee77": "Split log", 
        "44834c37-cc40-4179-8250-7f785a949200": "Steel", 
        "1870a76f-1fe7-481d-9934-2b924d2ec0c0": "Stone", 
        "3ff5ffd6-2f55-4fc6-91f8-205fa787e224": "Stucco", 
        "c689cabd-df3d-4a0f-8e60-187b73f2fbae": "Tabby brick", 
        "008a2f85-775d-4eee-b3a2-ecd0e132ea0a": "Tar paper", 
        "72f45721-3a49-4e53-a467-02eb5072babd": "Terra cotta", 
        "a94b7a8c-100e-4a7f-9d4a-e62c311a5a4a": "Unknown", 
        "4d6b2b82-16b5-4ce1-a2ec-bf34283c7a78": "Vertical plank", 
        "0b7728d8-8544-424d-94b7-60f9f93e1e34": "Vinyl", 
        "d1b515f1-8cf9-4863-b388-064e5b5983a8": "Weatherboard, Clapboard", 
        "182efc64-e09e-4819-9bd8-6c2b9a8d1b9c": "Window wall", 
        "0840bbd5-c30e-4d43-ac17-f0b3aae30e16": "Wood shingles", 
        "27db7445-73d2-4bb6-97c4-f0d24b36dee4": "Wood siding", 
        "fb30afae-e8d3-4d45-8858-198ace032437": "Wood/plywood"
    }, 
    "Exterior Plan": {
        "724d77b3-208d-40b7-bc9c-2c5bc5d17268": "Central Block-1 wing", 
        "00696bd7-6f5a-4717-8556-14558c96ae6e": "Central Block-Symm Wings", 
        "d1852919-035d-48a8-8646-bd16bdedb577": "E-shaped", 
        "07b0476f-1a27-4f98-8664-35287dd0119e": "Greek Cross", 
        "c7e8e85b-91a0-48c5-9f0c-fbfd4ab79247": "I-shaped", 
        "3d4e5b5b-81e6-493a-9280-499a65dae3ed": "Irregular", 
        "740cca4c-64cf-4365-b17d-3b435cd9385a": "L-shaped", 
        "15f7c22b-e54a-4910-b4ef-857ca6f37db8": "Latin Cross", 
        "2fe7538d-d622-43af-8b41-304a0821e0f0": "NULL VALUE", 
        "7aa23d6d-a1d8-4c60-aa8b-2b753c115cec": "Not Applicable", 
        "60edf704-e6a4-4ce7-b9a7-27423157956e": "Octagonal", 
        "73865506-c9c9-44fc-8140-e64b24016fcf": "Other", 
        "dfaa678b-aea1-4ed0-95dd-bdbdc0d055a1": "Rectangular", 
        "9f2e7a5f-24e1-4322-9725-d09213c61285": "Round or Circular", 
        "85458250-e343-473a-a856-857646cff8d6": "Square", 
        "131d76a8-61fe-4a48-b9a1-7c4bf8900e6b": "T-shaped", 
        "0137a16b-6fd0-401c-a076-b8204d5a1821": "U-shaped", 
        "d053ce71-8031-4cac-bae5-001aedfb171a": "Unspecified"
    }, 
    "SurveyorEvaluationDist": {
        "58e629da-56b1-464c-89f9-98012536ea7b": "Ineligible as contributor to NR district", 
        "47e18500-e2fd-438c-9aba-85fe03af2e6e": "Insufficient data to judge eligibility", 
        "6a3b488d-9634-49af-b69a-160aa4c270a1": "Likely contributor to NR district", 
        "32f8a152-2c6a-4a68-b7ce-1386cfc2a6a1": "More work recommended", 
        "714b45b3-0877-4fc9-88f9-d96c65ec4592": "No further work recommended", 
        "5933a7f1-2808-4787-a155-008b3c1c9748": "Not Evaluated by Recorder", 
        "03c2c21d-c4be-4112-8c69-fcbb363a602f": "Potential contributor to NR district", 
        "5e3baad9-d14d-482f-8b6c-54ce38155b56": "Preservation not recommended", 
        "af7af13f-e124-462e-b2f9-8caff7c2bd47": "Preservation recommended"
    }, 
    "Ownership": {
        "225a0735-339c-464c-bcf4-27f33231ad29": "City", 
        "e88bb68e-f4c2-49fd-a5bf-67101831b5f0": "County", 
        "7c19dbe6-4d83-4f14-be4b-a4d063fe642d": "Federal", 
        "8dac0cb7-3ce4-4c45-bf85-e616b668e418": "Foreign", 
        "5462101e-6628-47cc-aab0-aa909f8bcca9": "Local government", 
        "565356ac-ca4c-45b9-a88b-ad7f6cc30abc": "Multiple categories of ownership", 
        "1227251a-df43-47cc-8d14-3a841b5d1958": "Native American", 
        "4210de35-48e7-4fa7-bd39-2f1e8bf25511": "Other", 
        "c357d747-593c-4d02-b338-231b68cb03d8": "Private-corporate-for profit", 
        "af967411-7adc-45ea-b827-99d839a4acc1": "Private-corporate-nonprofit", 
        "3614989f-a3cc-407d-91ae-824c938c51d7": "Private-individual", 
        "d1396e2e-ee42-4f36-b5f6-6cb62069816d": "Private-unspecified", 
        "c4c527a6-9a5b-4354-95f7-35cc4e2fe305": "Public-unspecified", 
        "6660d20e-3e5f-41b3-8bd9-27e922eae9d7": "State", 
        "b6ca9bc4-37bb-4b66-8325-75b681b9dffe": "Unknown", 
        "c34d30b3-bf7a-4f94-aecc-66981469f84d": "Unspecified by surveyor"
    }, 
    "Structural System": {
        "507b351a-bc14-4514-9152-c3e0449b351d": "Balloon wood frame", 
        "c824e428-7b7d-432e-810a-c81a38b78b3c": "Braced wood frame", 
        "4a711886-0a55-4a10-83a9-d56546518814": "Brick", 
        "29265714-46f0-4ccf-b298-0efc29639c28": "Butt joint log", 
        "9f65e418-2f02-4432-92ba-919965fb9fac": "Cast iron skeleton", 
        "6b0944c1-79d2-4bae-8757-5f2b469d11e7": "Cast-in-place concrete", 
        "87a0a3fd-8991-4730-b602-71446809f180": "Concrete", 
        "78a38a93-c07c-4156-bb91-574a6e75c96b": "Concrete block", 
        "2c2d21d1-816d-4939-a7f0-a6b156f42617": "Coquina block", 
        "0a617a67-a695-4c21-9830-3c0101f7d10f": "Dovetail log", 
        "7a502ab8-adc5-4df3-bab3-4ae125e1d9ad": "Glued-laminated wood/plywood", 
        "fc1c0b1d-49fd-4b57-866a-6b3c82da7399": "Lapped log", 
        "8ebb2d78-99d1-4b99-b4fb-8fa83d5a49ad": "Light wood frame", 
        "7913cc4f-416f-4fb0-b7fd-3846b02073c7": "Log", 
        "afc898a7-6c8a-44be-8a39-aaf014530e87": "Masonry", 
        "f284a9e8-d54a-4bab-8a9c-fdda7fb93950": "Metal skeleton", 
        "cdd43b7b-1873-4780-96c9-dc7e8436b6b0": "NULL VALUE", 
        "5bb59ad5-ca43-4847-93ba-ddd8da3e781e": "Not applicable", 
        "3af76f73-63f0-4aa9-a397-8a965a7e35b1": "Not specified by surveyor", 
        "5c5810e8-6ba0-42e4-a5b2-a3820a83e46e": "Other", 
        "afd05b48-74cd-48b3-aabe-6af15ea415b8": "Plank wall", 
        "45221df8-55e3-4aea-9b0a-bfbf15071d61": "Platform wood frame", 
        "e532bb20-b528-4721-92c8-c78b950b1dda": "Pre-cast concrete", 
        "21e8b7c2-5f23-4481-928b-bbd1feb00a7f": "Reinforced concrete", 
        "da90b90b-a5ac-463b-8e88-18ed466e24e1": "Retaining wall", 
        "147a95a0-40d3-4e45-bada-4acd64e4ccd1": "Saddle notched log", 
        "d43d1d2c-b977-4a39-ba3e-f36a6229ffe3": "Space frame", 
        "578cad24-9fc0-4031-9fb9-8e72fd498dc8": "Steel skeleton", 
        "aa1e9929-de8a-40a9-953b-2d0fa2e60523": "Stone", 
        "fd4c252b-ae5d-4806-b487-0f78c9509d6c": "Structural clay tile", 
        "2b917d37-9376-4d46-acf0-8c716d79221a": "Tabby poured", 
        "16707d15-c317-49ba-b003-46e8a51c6dac": "Tensile", 
        "e6125fdb-d384-4d9a-8230-1a693ee13fb6": "Tongue-and-groove log", 
        "fcad3058-1734-422b-9a48-c994be7b8c9d": "Unknown, as specified by documenter", 
        "a650c97e-4583-4373-a1bc-212896408b92": "V-notched log", 
        "0b88afd2-84ff-411a-8308-dd958f2ee40c": "Wood frame", 
        "be9303c2-d94b-4496-a07d-de7a891dc3ac": "Wrought iron skeleton"
    }, 
    "Resource to Resource Relationship Types": {
        "ac41d9be-79db-4256-b368-2f4559cfbe55": "is related to"
    }, 
    "Visible Artifacts": {
        "360157b2-162d-4dde-b44c-f401c4acdf85": "Architectural", 
        "a3b974b8-16bd-44d3-87d2-c565cdbe4061": "Glass", 
        "497e554c-fb93-4d2c-8ec3-a1a4bc28997d": "Historic ceramics", 
        "caf4fecb-d308-40be-9bda-cbded7109474": "Lithics", 
        "561f2f7e-92a2-4cf3-bb9d-3264f7390775": "Other (describe below)", 
        "c1c172a6-c7d8-4806-9957-74c9ebc7f99a": "Prehistoric pottery", 
        "a5581ca6-1da5-4144-a53f-5a066219f6ce": "Shell tool"
    }, 
    "Overall Site Condition": {
        "5bafbd5f-8e25-4db3-8e23-a730c633d2f7": "Fair = Declining", 
        "3696827d-9da2-4b0d-a892-7c320f2da9f9": "Good = Stable", 
        "948ef076-d14c-4cb3-9713-f780463a5a3c": "Poor = Unstable"
    }, 
    "Visit Time of Day": {
        "0b2e1622-4a22-4df5-b50d-83a5649317bd": "Afternoon", 
        "5f79916c-315b-4cc6-aff4-487bb9e5bbef": "Evening", 
        "3da759e4-d185-4a8d-be57-28d517160cfb": "Morning"
    }, 
    "Plot Type": {
        "02ab5604-22cc-436d-9c0a-91b6a236469c": "GV", 
        "14f42fb5-3ad4-4541-bee4-96300159ff88": "NORM"
    }, 
    "Structure Use": {
        "0a63480d-e66e-46bf-8dad-5a310cbb1505": "Abandoned or vacant", 
        "31f62cb9-6a11-420e-a5cd-cbb220b74efb": "Agricultural", 
        "978f8195-94f5-4c72-8989-c02b2b8b153a": "Airport", 
        "e4b7f18f-78f6-49cc-9db6-55bb959e2d9e": "Animal shelter", 
        "b4f7c9d1-89cb-4f05-921e-98c8dba993af": "Apartment", 
        "9ad149c3-153c-4d0f-a044-569244c5445f": "Armory", 
        "64b2a9f1-efab-4eda-b8ce-ffb204d9e68f": "Automobile dealership", 
        "1d004154-5e0d-4757-b967-865cf8ae4173": "Bakery shop", 
        "84653155-c41b-44ce-8d9e-448876513f52": "Band shell", 
        "bc642fcc-13b7-4fef-a348-05710d108b94": "Bank", 
        "3873065f-0c9a-4c48-80f0-f7b7a25bde8d": "Bar", 
        "de36259a-a638-4857-837c-37d7f526a58a": "Barber/Beauty shop", 
        "4032e630-3c45-4dda-9f60-e710c2880b92": "Barn", 
        "62ee175b-21f3-49b8-8a82-1811a8c23e80": "Bed & Breakfast", 
        "675a6bbe-3fab-4fdb-b89d-da0fe44042f3": "Boardinghouse", 
        "cc1902be-7d75-43e0-aa2d-1bdafa0016c7": "Boat ramp", 
        "11dd0b10-5013-4820-aca2-453542b290a8": "Boat slip", 
        "1d1cf9f7-765c-4e63-9ea0-ce0d47dcc3a9": "Boathouse", 
        "73e7e5e6-18f8-48a8-ab53-a96fa7e04a22": "Boatworks, repairs and service", 
        "af43a929-3dda-4e34-9c68-a975decc44ef": "Bridge", 
        "7476ee85-7100-4491-8180-1bb91ae27ddb": "Cemetery", 
        "cab9127c-f915-4b79-931b-7e2aa6a1cf19": "Charnel house", 
        "78a49757-7519-4f2d-b138-5ca4476bdc44": "Child care", 
        "2d2fa9ef-7ab7-4248-a829-a6d492dec2d4": "Church/Cemetery complex", 
        "0af61260-c5e3-41d2-98a1-ceae003235d4": "City hall", 
        "455c1fa1-a3eb-4fec-b434-f566afad6568": "Civic center", 
        "b2680c75-3921-440d-9893-3f585f00a2b5": "Commercial", 
        "9990e67f-2445-4931-b638-e599d2660434": "Commercial and apartments", 
        "e430911b-8c8c-4370-9845-c412004f85f7": "Commercial and residence", 
        "21848908-d06f-4b1e-844d-63c5b9dcfac7": "Communications-related", 
        "3bd8a4c5-83c8-46a7-ad55-9e2eb18c94b8": "Community center (e.g., recreation hall)", 
        "e9c693b7-d6ad-4981-937f-abfbb090bde9": "Control tower for air traffic", 
        "04ea0dd9-072e-441a-ae91-89257f473e9a": "Convent, Monastery", 
        "f1a9c1d3-c792-4ec4-9d13-64675c00fc3c": "Courthouse", 
        "6bf277f3-73de-4c3b-b5da-5f37520c68ad": "Dairy", 
        "2a93ec99-90dc-415f-b692-b4c07a1382dc": "Dam", 
        "0637cd5b-edf1-4624-9e9f-a0ea7ab39524": "Department store", 
        "02cecab4-f806-4727-b6da-8bb818f9339a": "Destroyed", 
        "f141f23b-b4ed-499b-a864-50d91c375570": "Dining hall", 
        "999a259d-a87d-4418-84cf-bc5e34531c77": "Dining hall or Cafeteria, not retail", 
        "0cc2fc69-6a4b-44bc-855e-605855fa70c9": "Duplex", 
        "f63e1e16-b5d0-4f34-a611-343bd7b49440": "Education related", 
        "d1e6d6f9-3849-4a3b-b61c-86c1b1e40870": "Entertainment", 
        "0f0dc475-c7bf-458b-9ca2-3c725b3da4d1": "Farm", 
        "51f93696-fdab-4e63-b7a1-31564e559c99": "Firehouse", 
        "800e589e-8230-40a6-a7e3-c6012c046cf3": "Fish house", 
        "0aa9649c-07ed-46d5-95a8-bcd1baf6bc59": "Fitness center or spa", 
        "c44f6104-8b8f-425a-93fd-f6f3b4846cbf": "Fortification", 
        "3838b063-c6fd-49a6-b2b5-eb24e53640af": "Funeral home", 
        "34fa226c-7a02-4cb4-bd3c-851352f7094d": "Garage", 
        "9bccacf2-4fe2-45aa-865a-625a52c014f2": "Garage apartment", 
        "20183acd-0ada-4913-9f5e-dfc6c0778abf": "Gateway/gatehouse/arched entryway", 
        "27aedcb6-4e88-48e7-9d83-2b7f9214215e": "Gazebo", 
        "7d451d17-48e7-4e3b-ae46-d10fafa76b11": "Golf course", 
        "a9061ad0-ca33-497e-98d0-614f4b6ff8a4": "Governmental Offices", 
        "a6400b93-ceba-4796-b3a0-f645110f8005": "Greenhouse", 
        "3619b258-6896-4bec-a87c-2a245c8721a9": "Grocery store", 
        "69c18ffb-c9d3-46ee-b79a-8b54d51b6074": "Hall", 
        "1f78c1a4-2e2b-42ee-a512-e7b13057f2fc": "Hangar", 
        "d13f01ba-0a6e-499a-b01b-188348267997": "Hardware store", 
        "c1f1e711-7fe8-493f-8052-1424a1e1bd50": "Health center", 
        "6eb25153-7d8f-49cc-9e7f-44336a976e8d": "Hospital", 
        "3866bf08-5066-468a-939a-21e27726386f": "Hotel, Motel, Inn", 
        "31ee22f8-3940-45ae-8440-f6a3d5328542": "House of prostitution", 
        "cb31e96f-bd5e-4421-b1df-fe6de8f38f05": "House of worship", 
        "629c2c87-6761-4c2d-9246-e0befbae3197": "Icehouse", 
        "84b56ddc-a3a9-402a-8894-73092d8d7fbd": "Industrial plant", 
        "cd936870-dc19-4f9f-8661-abc6d765224b": "Kitchen", 
        "41604132-8afa-4c20-a1dd-4ccbde7eadc8": "Laboratory--research", 
        "237f0511-4d12-42e0-83df-a0ec72523702": "Launch pad", 
        "a33d5d24-c0c5-45a0-8379-547791d52c91": "Laundry", 
        "8c78ad1f-cea8-464f-8b70-4311470a7ff8": "Library", 
        "59d123a3-b2d8-42a2-a54e-4089b605d43c": "Lighthouse", 
        "cd206c5c-43e0-4410-947c-227cda634e50": "Lock structure-canal", 
        "89f3a455-8a5d-4712-83fa-979ff6ac1178": "Lodge (club) building", 
        "0d7dd3ca-da41-4992-8210-e453fd2cbdf7": "Market structure", 
        "88452165-880a-4241-b2a4-a42147a81e8f": "Mausoleum", 
        "bbcfd688-8706-479c-829f-5ea871f8a8f7": "Medical", 
        "22ea6ea3-d4b9-4232-9a4d-73ad6592eae1": "Meetinghouse (religious)", 
        "693d950a-910b-4a6b-8d1a-9f303584bf7b": "Migrant housing", 
        "27bebfcd-589d-4361-9cd3-9e751edc2afb": "Military", 
        "28f47aee-1d13-437a-a1b0-eb111dd36da9": "Mill", 
        "2db70cc6-4971-4f81-8ed6-d734b42afe10": "Mobile Home/Trailer Home", 
        "37e4910f-d26b-474c-afcf-674e7b50e713": "Monument, Marker, Statue", 
        "fca0b4c0-a5fd-4837-9935-772081721062": "Moonshine Still", 
        "889b3cc4-70a7-4f20-a3bb-f3d5ba8a2354": "Multiple important uses, as for a distri", 
        "f060c93f-74a1-4fb4-90c0-16496e68bb15": "Museum/art gallery/planetarium", 
        "bd6e3249-dfe7-4741-8eeb-7daaae8df8c4": "NULL VALUE", 
        "336b2793-9833-4d99-8ee6-8156fb485e64": "Not applicable(district or thematic grou", 
        "fe11f5fd-e9a0-4db7-b526-2df6d9f3f56e": "Nursing home", 
        "92b3a465-472e-4367-b0fe-87e29221eec4": "Office", 
        "15553559-c070-4ae1-b6c4-91e7a1244bcb": "Office building", 
        "e77882d3-e312-48f3-8d76-cd34994d4cfa": "Orphanage", 
        "2aa3ba5e-cd1c-4282-b68e-20b3eb73b2b4": "Other", 
        "317da736-0a68-48c5-acb6-64de5aa6e375": "Outbuilding", 
        "faccda18-e24c-43e3-8bc7-0bb273d871f2": "Outhouse", 
        "0e43a766-431e-4f3b-b06e-459c052d725b": "Park", 
        "c2e2b682-a72b-4ab9-ad35-2f97737a2c0c": "Pavilion", 
        "fd591a32-541e-454e-bd29-ea0899e8bfe1": "Pharmacy", 
        "cb9fad12-28f4-4993-8893-107233dee20b": "Pier", 
        "1e669768-ca35-4bd7-a424-abf9862573ea": "Plantation", 
        "43f15e4e-d813-43de-ae52-964759738515": "Plaza or square", 
        "f510bcf7-85b9-4c1c-bfa9-8193e3e4d7aa": "Police station", 
        "2e300d72-d1bf-4aef-8b69-f0fea3a9429c": "Post office", 
        "a02e0595-5c9c-4040-88d3-9bba00cc95eb": "Power plant", 
        "f6c035b3-b29c-42de-82d9-6e3453db17b3": "Prison", 
        "638bf25d-fa99-48ae-9ccf-756707692628": "Private residence", 
        "82d506cc-1b1f-4635-8bc7-2476529f8ff0": "Professional**", 
        "60031916-d6a2-47c6-b6f5-432c11ab32f0": "Raceway", 
        "135c2d2e-a99a-4cf2-848d-a22561663d25": "Recreation--nonbuilding", 
        "d23e7f64-151b-4442-95fb-ef545a4703cb": "Restaurant", 
        "6952ca6b-a03f-4df3-85ce-d066251e8bbd": "Retail establishment", 
        "0c806062-f65b-4c4c-9adb-12037502d1ed": "Road", 
        "49e6f82e-b7a3-4dd5-ba93-778422a68487": "School, University, College", 
        "6687aa24-a8b7-469c-8afd-32565343b714": "Seawall", 
        "b8f18540-5c26-42c0-8d96-a18e856a0378": "Service station", 
        "82ae50a5-791a-46ed-809a-3235061f7af0": "Sewage treatment", 
        "7b8df9d0-7fec-4b14-b2c5-6afac6603d72": "Shoe shop", 
        "f341ff57-6da0-4c81-8a57-73aff73f8c64": "Shop", 
        "0fd35489-1819-4959-8f7c-57ec68d0210f": "Shopping center", 
        "013cd9be-ebdf-4b5e-a5d4-1922414ed930": "Slave quarters", 
        "a048dad6-da1a-464d-a53d-0d30b2fe63ff": "Smithy", 
        "2461c1f1-6087-4e3d-a8b7-31ae17ca5f2a": "Smokehouse", 
        "8cc8951d-297d-46e1-9293-5be1918d15a1": "Springhouse", 
        "d27d68a8-b1e7-4378-8db4-9af08201d2eb": "Stable", 
        "7ecb7815-788c-4f94-a101-64f29de37f61": "Stadium", 
        "359f1972-bc05-4475-96b7-b9b92dfa9195": "Swimming pool", 
        "3ae18e98-9710-4729-b615-12bade25e54a": "Temple (religious)", 
        "49dda27f-4a10-4d79-86a0-357a00b1b2d6": "Terminal, Air/Bus/Rail", 
        "6b911035-62e7-4e80-b8c8-80340e49f6f4": "Theater", 
        "c4a49d52-b8ae-4517-b1d2-b49dfb375d8e": "Theme park (resort complex)", 
        "83f85aa7-51a3-41d2-af50-9d967873cd7d": "Tower", 
        "c51765cc-7670-49fe-b626-e41251cb590e": "Transmission structure (electrical)", 
        "c1f33cf0-88d7-4926-b930-167b6430639d": "Transportation", 
        "457dc365-bb56-4843-b423-38336eebc1b8": "Turpentine Still", 
        "0a1e36c0-784a-4324-917b-1547a7d51646": "Unknown", 
        "683652eb-948b-4bd2-8d70-75734816cd1a": "Unspecified by documenter", 
        "8e367469-1eb7-4c5f-97b8-6d2f2689fd08": "Vehicle-road or rail", 
        "ea87270a-5802-4194-a7ae-d77fbd4e8ea8": "Vessel--watergoing", 
        "b003aa04-812b-4303-b37f-98cc82cd376d": "Wall", 
        "9b389239-1545-4e41-905e-43b7049e5606": "Warehouse", 
        "c92ce5ee-1763-47d9-a29d-2f8f285aaa52": "Water Tower or Supply Structure", 
        "093f0865-43fb-4e5f-a499-2c5683c4bb3a": "Water fountain", 
        "fabb1fc6-35ff-47e1-9583-92fe8725eb54": "Zoo"
    }, 
    "Regions": {
        "040d91ea-6984-4a56-9e72-64f87834e145": "Central", 
        "bded0c6f-e2ab-4177-84e1-de69c69cd6e5": "East Central", 
        "4cc0e31e-bd46-4632-9c36-5f3c2628ef64": "North Central", 
        "258e213d-a47a-4545-9a94-7ab1449d9f67": "Northeast", 
        "5c97e64d-8598-482a-bbcd-e61684f34389": "Northwest", 
        "a74fec7a-75da-4faf-8e56-d8af1ce8d5e6": "Southeast", 
        "14e1f3bb-d8a6-42fa-a375-c03a0bd89b53": "Southwest", 
        "602d53f7-f371-4603-8e5b-40e2b341cb94": "West Central"
    }, 
    "Managing Agency": {
        "e6c345a1-fd17-4691-8415-48690cb6380b": "FL Dept. of Agriculture and Consumer Services, Florida Forest Service", 
        "13988bf3-497a-4ce5-9d34-a50c7fce23fb": "FL Dept. of Environmental Protection, Div. of Recreation and Parks", 
        "c9d7b1f2-11d3-4452-b2e2-ba8501d2adc8": "FL Dept. of Environmental Protection, Florida Coastal Office", 
        "9c0ea5ed-7d91-4905-85b3-fc00fb6b275f": "FL Fish and Wildlife Conservation Commission"
    }, 
    "Plot Method": {
        "c7ca26c7-2835-4fbe-a4a5-0ca6dfd08684": "D", 
        "7d37c2e8-d8e7-461e-82e5-cb622eb5f8df": "M", 
        "e55cbcb9-c0e4-47b8-b006-a222923980f4": "X"
    }, 
    "SHPO Significance": {
        "92ab7b9c-3bd6-4c1b-bc92-7a7dccc610bf": "Eligible for NRHP", 
        "2d718e7f-5a12-49e4-be9b-02691ba9b1b1": "Ineligible for NRHP", 
        "a76edebc-6762-4040-b0a0-e40911b65b47": "Insufficient Information", 
        "3bf9f8e1-7068-49c8-a618-3a2c85c586cc": "Not Evaluated by SHPO", 
        "d8df409d-9f81-4efa-a85e-c6fa7ab21ec9": "Potentially Eligible for NRHP"
    }, 
    "Managed Area Category": {
        "91531c69-fa67-40e0-87a2-4521811fdd78": "Aquatic Preserve", 
        "5defe181-f6ef-41fa-9906-51d4cf8d6e6a": "Fish and Wildlife Conservation Commission", 
        "868cf814-2870-46e7-b501-7b8f8b42df83": "State Forest", 
        "e253e5a4-9c82-45e2-9cd1-5b2dc2eae407": "State Parks"
    }, 
    "Recommendation": {
        "a29bd7cd-aea6-461d-963b-6cd6d4cae40a": "Defense", 
        "25a2868f-bc77-4246-954a-851a271d962b": "FMSF update", 
        "2455d32d-d1c0-4bd9-b47a-6ba4877c885d": "Other", 
        "f953f862-4cdd-4564-a0d1-0db9f693db8a": "Repeat visit"
    }, 
    "Visit Type": {
        "395b456e-ee37-486a-aa4d-161502ef1f52": "Follow-up", 
        "916a56f4-013e-4c61-82b0-9eca1cc20420": "Initial"
    }
}