{
    "Style": {
        "2fc0a426-676d-41df-a235-6326dc05b5be": "Art Deco ca. 1920-1940", 
        "0ddb2fe3-9dd1-4bc3-a8b2-5913b38fe555": "Beaux Arts Eclecticism", 
        "44661817-a7c1-4bec-b23a-1f300d8bb91a": "Box (American 4 Square)", 
        "3d749b15-136a-4056-98e4-f7496b3e9c2c": "British Colonial ca. 1763-1783", 
        "12110e0a-d027-46f9-b89f-817f7e177582": "Brutalism ca. 1955-1970", 
        "4120765d-7f6d-4005-9aa8-95db7d12cd46": "Bungalow ca. 1905-1930", 
        "9771ac4f-a78e-4ee3-880b-f2a3e3d84432": "Collegiate Gothic ca. 1900-1940", 
        "6fe37397-53f7-4f23-84c7-6cbd840e34db": "Commercial", 
        "12001fdf-a3eb-4f5b-b6ad-157baf265970": "Craftsman", 
        "fad7bf1b-c883-406c-8ef1-06f753d3e081": "Dutch Cottage", 
        "f7c45d93-651e-40f8-97e1-ab2a68968370": "Egyptian Revival ca. 1835-1890", 
        "02284cc3-fb33-4857-bef7-69926732d856": "English Cotswold Cottage", 
        "cf23ea29-7e7d-4984-af20-85b8239d8d37": "English Georgian Cottage", 
        "0e4d0340-d75c-4d14-9e02-8d9b29402cf5": "English Tudor Cottage", 
        "c474bc53-e9b4-4ed9-b911-83061896d67f": "Federal (Adamesque) ca. 1780-1840", 
        "f488aeb2-1fd3-4dcf-8009-e2ce9b534991": "Frame Vernacular", 
        "8f337e37-20a1-4513-84d6-ec3ecb302c12": "French Colonial", 
        "edadaf63-3b07-4e14-9df6-eca906ec195e": "French Cottage", 
        "ec0a9c94-bc22-429f-95f9-393ce038e95f": "French Renaissance ca. 1880-1910", 
        "65d7ddba-f27a-4b1a-b79c-81f356a0f163": "Georgian Revival ca. 1880-present", 
        "676777ee-db6f-4c14-a3cc-92f6d9f572ed": "Gothic Revival ca. 1840-present", 
        "67253d96-f8be-4dba-8327-b5738e7c5823": "Greek Revival ca. 1825-1860", 
        "6fd43e6a-4224-431c-a37c-7b5cf2018920": "Industrial Vernacular", 
        "f5540fb5-e2db-4b5b-b054-625bf60d05db": "International ca. 1925-present", 
        "9795661f-7d8f-49b0-91cc-07fadc6d8b95": "Italian Renaissance Rev ca. 1880-1935", 
        "42c4846b-76ed-46fd-a417-c98b15e8e150": "Italianate ca. 1840-1885", 
        "537d272b-066e-4400-9862-f5948019f4c8": "Log", 
        "1c449cfe-3d13-44e0-a76d-c376cd9e1a80": "Masonry vernacular", 
        "105301db-02b1-4669-b235-159130f0e97f": "Mediterranean Revival ca. 1880-1940", 
        "3ad7ad91-dd39-4426-ab8e-eba22f8f2ebf": "Mid-Century Modern ca. 1940s-early 1960s", 
        "8e888844-15d1-4a87-95d0-fc35ddcd68b2": "Minimal Traditional", 
        "c1ac373c-b416-45af-a97a-4a431869df90": "Mission", 
        "8b98d189-301c-476a-bdd2-76dd8348b5a6": "Mixed, None Dominant", 
        "92d822b9-ab8f-44e1-8143-ea1908fb3309": "Moderne ca. 1920-1940", 
        "0692f6bc-c621-4440-80ba-81910cefd27b": "Monterey", 
        "cd9c7bbf-d75b-449b-a8e6-a02eaece8471": "Moorish Revival ca. 1880-1910", 
        "81b73816-3fdf-4529-a106-e296c8b545dc": "NULL VALUE", 
        "4c2746a5-c233-41fe-ac06-979957a2ce79": "Neo-Classical Revival ca. 1880-1940", 
        "21661d54-f6be-4879-9640-7ffd3496fbbf": "New England Cottage", 
        "cc4d202a-16ad-413c-a34f-b0c11f634480": "No style", 
        "e65dcefb-7a19-45ae-9632-e63a8bd3a763": "Not Applicable", 
        "3766a7df-75ef-45d9-b5a0-4ed2ae738871": "Octagon", 
        "996ba915-f7e8-4f3b-902d-944a933394d1": "Other", 
        "f726f8eb-109d-4b96-b9f4-8163131d679c": "Prairie ca. 1900-1920", 
        "cd1c383c-691d-4945-afc3-54b0caba98b9": "Pueblo", 
        "6402be2c-b06b-4278-b552-2889ab968fbb": "Queen Anne (Revival) ca. 1880-1910", 
        "41773c0b-00cf-4b78-abea-7920d6ccb860": "Ranch", 
        "c526d873-f546-4bc8-a6b9-8014fda1b545": "Romanesque (Revival) ca. 1880-1900", 
        "c8c6154b-df1a-461d-9462-ceea0487c877": "Second Empire ca. 1855-1885", 
        "fd710576-48a1-49dc-8834-a3c0bbd02926": "Shingle ca. 1880-1900", 
        "1ac22413-3627-4d30-b0e8-93106488b022": "Spanish Colonial 1565-1763, 1783-1820", 
        "428faf05-c0ce-46f8-a8eb-bc72dca3dc40": "Spanish Cottage", 
        "21ad410f-9aa9-4759-b32f-a865643a5896": "Split Level", 
        "66cf5ddd-e58e-4c00-a264-583e36d51c94": "Stick ca. 1860-1890", 
        "671f54be-1d43-41ef-84e8-d8db0361942a": "Tudor Revival ca. 1890-1940", 
        "03280058-8ae6-46a0-9405-f4e1d9967906": "Unspecified by Surveyor"
    }, 
    "Threats": {
        "180efc49-4660-4650-b7bb-d9ec6fd1cec9": "Active Erosion", 
        "81178803-cfb1-4d23-b7dd-87fd6bc35b39": "Animal disturbance", 
        "374974c9-ac1c-4079-a89a-6ab886e044eb": "Development", 
        "68e804cf-2bd4-45dc-a0b7-7fb7488ad3c2": "Flooding", 
        "f4d226a6-8378-4f52-9bc9-809f344607a3": "Other (describe below)", 
        "f03f8806-2351-423b-b9f0-d98f0a37fafc": "Storm surge", 
        "813c4266-3309-416b-9031-f4e4d4ad6678": "Vegetation growth", 
        "371aa906-c034-4e36-9b1b-6677ec31bdc3": "Vehicle damage", 
        "a8c78e50-0c8f-46f1-b6a7-50f280cb9c63": "Visitor traffic", 
        "18e9458f-4893-4e79-84d8-01d9b8dca5c2": "Wave action", 
        "6a1c8d3a-159a-4003-9361-f0d379f06698": "Wind"
    }, 
    "Surveyor Evaluation": {
        "f2e2a90a-3b59-434c-92b3-e7092f7755ba": "Eligible for NRHP", 
        "66517b97-1c9e-4c1f-9c4b-4da30ae186b9": "Ineligible for NRHP", 
        "98883116-74d7-4533-9ce3-798098cf60e6": "Insufficient Information", 
        "ad7e2b77-e0ef-44c6-b776-d06461b4eb08": "Likely NRHP Eligible", 
        "66885eee-91e3-4cfe-86f3-66cb75166bad": "More Work Recommended", 
        "8a8c9434-e6fc-4faa-94c2-e6d6e4b2b971": "No Further Work Recommended", 
        "68242687-a1bd-4725-97bf-b9beeb226b22": "Not Evaluated by Recorder", 
        "48556455-c28b-4481-869d-9fbf23cbca02": "Preservation Not Recommended", 
        "a7d2ba07-c58c-4c30-ae46-588e09bb1271": "Preservation Recommended"
    }, 
    "Location Verification": {
        "b32ddf3e-753b-4c97-b113-dd673b9edaf8": "Mission location verified", 
        "66248378-2209-4f3f-930c-2896ae455730": "Site could not be found", 
        "ef817be4-59d5-49ae-bf4e-d58fb78f3324": "Site found but in different location"
    }, 
    "Priority": {
        "6475fae7-797d-4c40-b7d7-d6070ed38958": "High", 
        "71ecc9bf-1cda-47aa-a5e2-c05ecaf8bb4b": "Low", 
        "3af799ea-5188-4422-8b24-5f341f92c576": "Medium"
    }, 
    "Exterior Fabric": {
        "5a45ad31-2f1d-4cd7-a0d2-286673748b32": "Aluminum", 
        "7484caa2-8118-490b-b5e1-3af58a46ec17": "Artificial masonry veneer", 
        "af4e873d-ca61-4e8d-9529-df2dbd5f7e52": "Asbestos shingles or siding", 
        "ec113779-1a29-4896-8794-d8b1514c21ee": "BEC ceiling board", 
        "6c4ae2cf-d650-45b6-ba52-3f83a81f9356": "Board and batten", 
        "4294d4a9-ff55-4629-b96b-98cdf19e7bbe": "Brick", 
        "08a99e25-e959-4d69-bf62-90af439df5bb": "Cast iron", 
        "6920f229-22cb-499b-a630-7110714f04a2": "Composition Board", 
        "e76894a3-5968-4671-b83c-1b21845c684f": "Concrete", 
        "3ee7ef1b-4359-48ba-bb3f-ec4f0ff320ca": "Concrete block", 
        "b95eaab1-2184-45a8-b8c2-0c16625b8bb9": "Concrete block-mold", 
        "4e94980f-a507-4973-95e0-2816d0b6459a": "Concrete-poured", 
        "c78f9566-1bb3-471d-8284-7516e67f1c09": "Concrete-pre-cast", 
        "62ed5bea-e584-487f-83d5-c580d1ad37dc": "Coquina block", 
        "d9e31748-7594-4196-9818-c8eb0bfe0389": "Drop siding", 
        "e74af3b0-503e-471a-898e-5f4874f97449": "Fiberglass", 
        "8370493b-6faa-46d0-8c84-f4d0bc978fa5": "Flush wood siding", 
        "c810e226-ec49-4921-9a88-c1531ead9d76": "Glass block", 
        "485259f8-bfb6-4614-8b65-df7c35c6557a": "Glazed masonry", 
        "e279cf45-13f8-4e90-8502-0d443943db0d": "Hewn log", 
        "d2a75fc2-f27a-4633-a52d-f74f6a72c621": "Horizontal plank", 
        "95bab789-057f-4043-84be-9b741e152f8a": "Log, not further specified", 
        "445f6446-7a0b-45cf-8167-d90a931563af": "Metal", 
        "1bd42185-8649-40b0-b705-467314a18a20": "Mineral fiber cement", 
        "1f62f757-a21b-4d04-bdca-14badb887a63": "NULL VALUE", 
        "5d4e208f-5865-482f-8150-26e82e397d15": "Narrow routed siding", 
        "4a7878e6-8d53-4965-b629-5291383c96db": "Not applicable", 
        "1a2816c4-b835-4e71-a716-369bb1b8c1b7": "Not specified by surveyor", 
        "ceed0ccd-b764-4cf3-9114-d1aec612d57d": "Other", 
        "876d9a2e-02c7-41f9-84c5-5fed20f7025b": "Pebble dash / Artbrick, artstone", 
        "5fa5acb7-5e29-453d-9a87-1784c32d61fa": "Pigmented structural glass", 
        "cf0865b0-ded2-4c64-afeb-02b6e8196f2f": "Plastic", 
        "c9b5241a-20e6-4560-8900-b70f70784e89": "Poured tabby", 
        "b96831d2-fcf1-4c42-b2cb-c41c3cafede0": "Pressed metal", 
        "57cc09bc-14b7-4542-8b97-d725003cfe6c": "Rolled asphalt/Composition Roll", 
        "0c5fa95e-afe8-4a6f-b6f6-e6d327b4d4f1": "Round log", 
        "37acb0e9-06e0-4a3f-b8a6-016a5e4630c8": "Shingles, asphalt (or unspecified)", 
        "c0355416-c658-40a6-8c25-c2d6698e0fe4": "Shiplap", 
        "0cdab739-1683-42ea-a49f-4f4c96af3597": "Slate shingles", 
        "86d85bef-0d7f-4d6b-b169-984c5ea2bb1b": "Split log", 
        "8943bd17-5789-4ff9-88cc-509f543187a5": "Steel", 
        "dbfd1fc7-ebbc-46b2-b639-df03bd65ffb5": "Stone", 
        "d30fac2e-f971-46ac-8039-4a07c7f8055f": "Stucco", 
        "ab5b95f1-2f65-4042-a9f5-e1b49edffd3b": "Tabby brick", 
        "153c6da7-fb92-4455-ad5b-c22dd7c91823": "Tar paper", 
        "88df4f00-853a-4fbd-a42f-66d583983721": "Terra cotta", 
        "e3805a46-b53e-42ad-b799-899a3475ea25": "Unknown", 
        "edc20761-2ab9-4cc8-a92b-3d0bb2a1c605": "Vertical plank", 
        "6ee7c555-4116-439a-a1ac-dac281dfcc48": "Vinyl", 
        "eb4ff9ee-8aca-46cb-be85-122272bc7639": "Weatherboard, Clapboard", 
        "e15176c6-1eb1-4052-b46c-0972e0c015bc": "Window wall", 
        "2e43ffaf-a385-41cb-9b26-142ec106073b": "Wood shingles", 
        "82f70fd0-699b-45cc-9299-17a4a9e10727": "Wood siding", 
        "498a2284-2be1-4924-958e-1c2dbd07d8bc": "Wood/plywood"
    }, 
    "Photo Type": {
        "c29a1184-63f0-4669-ad0c-11d680afc765": "Character-defining Feature", 
        "4406ed80-6195-418d-9b9b-d955784d0c4f": "Close-up", 
        "be12ae01-9f49-4b2f-9b57-ffb9b308e88a": "Fa\u00e7ade", 
        "888ae788-4a40-4c87-8aad-3de83fff9c92": "Overview", 
        "dea0f79f-f6ee-454a-bf0f-f27eb98607df": "Unique Feature"
    }, 
    "Exterior Plan": {
        "80d64d16-7836-4a78-b675-6062d2b85862": "Central Block-1 wing", 
        "29809631-d097-431a-a512-be24ce4f0483": "Central Block-Symm Wings", 
        "de81989d-35d3-4c70-bceb-96aef2577e8f": "E-shaped", 
        "e4a12136-a59c-4722-ac9d-458a4e553d80": "Greek Cross", 
        "b71c1fcc-870e-4b3d-9f0e-8f579f68a3cf": "I-shaped", 
        "defe7da2-5674-4c70-ad85-853e5b74de70": "Irregular", 
        "2cdd096b-edf7-48a5-b745-e2de458ed208": "L-shaped", 
        "555575fe-7414-4c21-99ff-b64b18f1c983": "Latin Cross", 
        "fe6c8f23-10e5-40fc-8149-6932be70b6f1": "NULL VALUE", 
        "8f3bb8d3-9205-4833-837a-d203f700b186": "Not Applicable", 
        "59306ba6-618c-4f7d-b89c-d3fff451e5e8": "Octagonal", 
        "a707eba6-608d-4503-8f37-6a7e028b152d": "Other", 
        "d9c9c5f0-83b1-45ec-b80e-bd673b1ccd8c": "Rectangular", 
        "be53caee-816c-4a18-9a21-d6eeb0c25d10": "Round or Circular", 
        "c5a24cf3-4f4c-43b0-a1c7-18945e2982f1": "Square", 
        "51c51200-8521-475b-b8a4-29f247970168": "T-shaped", 
        "c9b88089-59f4-49ea-8d2f-b36c919f4596": "U-shaped", 
        "755f3040-3dc6-4492-84d2-fa06597f631b": "Unspecified"
    }, 
    "SurveyorEvaluationDist": {
        "1a8a46b5-d1c4-497b-b0bb-c7575c77fef0": "Ineligible as contributor to NR district", 
        "33c34c00-bc75-46f2-af64-9212c8eb3c8d": "Insufficient data to judge eligibility", 
        "8907ca4c-4a43-4a54-a306-8d3fb29da174": "Likely contributor to NR district", 
        "a55f91cc-dd64-4c83-9648-3ac005363dbb": "More work recommended", 
        "d5fd3546-6d04-4dea-ae8c-484ee66f2eb9": "No further work recommended", 
        "e6c9c220-09f3-4e3b-ad9a-7bb45a91f689": "Not Evaluated by Recorder", 
        "53247ecf-0e82-414f-8a8f-0af397373f80": "Potential contributor to NR district", 
        "74c682bb-da01-4de1-b3d5-54832c3c5404": "Preservation not recommended", 
        "2b8c7210-4349-4b07-88a5-21890ef522cd": "Preservation recommended"
    }, 
    "Ownership": {
        "bd34e35e-7b2a-46a3-9557-2b764a2a1785": "City", 
        "c57a4eba-2a25-465d-8760-d720550b47f0": "County", 
        "04a98be3-d01c-4390-9f8c-dec5504b2159": "Federal", 
        "00ca9b7e-1c34-452e-ac99-90a9f6a3f394": "Foreign", 
        "5aac72dc-ae0a-402d-b532-bdaceee83e8e": "Local government", 
        "8ca351b6-13de-408a-b903-a9822cc6ae0b": "Multiple categories of ownership", 
        "1fe6e515-2b32-4024-8944-d5e428838851": "Native American", 
        "164a94cc-165b-4f97-bcff-7b2b7f21144a": "Other", 
        "a6e13fca-16e4-49bb-ae3d-ab68181d9a97": "Private-corporate-for profit", 
        "e107fd5d-3097-4140-a703-51c48a9bb65c": "Private-corporate-nonprofit", 
        "f6fcabaf-b7a8-48eb-85e5-1e70910cfc33": "Private-individual", 
        "e4553e69-8d32-46a3-86dc-6cc7a6613066": "Private-unspecified", 
        "a705acba-8e8a-44bb-be42-af007a58d3dc": "Public-unspecified", 
        "269c96fb-98e1-42fb-8fe2-145757795863": "State", 
        "8ca643f2-e717-492d-85dd-3272d174b2e8": "Unknown", 
        "f6c8c171-2af2-42b8-9f70-4658eff57a6a": "Unspecified by surveyor"
    }, 
    "Structural System": {
        "05a94380-9b23-4f45-9c56-b54a1edb64e4": "Balloon wood frame", 
        "77f1304f-160d-447a-a8e6-f7ad2709a5a2": "Braced wood frame", 
        "17fe223b-2040-44d8-8161-8e280db9cfbd": "Brick", 
        "dd0248a8-1ffe-4113-8015-87bc7250082c": "Butt joint log", 
        "f9a45298-df1e-4856-ba76-b6d7c9fbd481": "Cast iron skeleton", 
        "c2ad5ede-e64e-4955-8946-3c59f7d8475f": "Cast-in-place concrete", 
        "9fd3d54b-96e1-4c02-a8b4-114a98d606be": "Concrete", 
        "dbece543-fb35-450a-a933-b4dd22cfb049": "Concrete block", 
        "aaf333fe-9ad1-467f-a154-4c54f7e3f4df": "Coquina block", 
        "63fa774a-4def-455d-8f4a-fc19f9944c2a": "Dovetail log", 
        "9ecfbbf6-8dcb-4d4a-874f-c6866ca9728e": "Glued-laminated wood/plywood", 
        "80cd4efa-9f35-44c7-a176-405ae68ec9bf": "Lapped log", 
        "cd717790-42e1-45a5-a4f3-37ffe8e3a268": "Light wood frame", 
        "ad3b77c3-3744-454f-9011-33052532ad2d": "Log", 
        "b6657d03-c0df-4be7-9e63-537358507985": "Masonry", 
        "ee64d915-8805-4ce3-b394-555e6eb952e8": "Metal skeleton", 
        "7aba7fad-926d-4923-8631-f7485bd3fc6e": "NULL VALUE", 
        "beec22c3-b8aa-4253-8575-e71cfaeaa2cf": "Not applicable", 
        "45b5ad8e-d58b-407b-b915-088a8601213b": "Not specified by surveyor", 
        "7247a8bb-df25-48aa-8836-98839aa4e5af": "Other", 
        "ee6f0292-a241-44da-945b-b3ea567b2232": "Plank wall", 
        "d702d7fd-f849-48f5-b633-e63352e45159": "Platform wood frame", 
        "e0924a38-f37e-4035-a56f-678a76be45f6": "Pre-cast concrete", 
        "1d1bd3eb-56e7-444b-ac7a-3361007b3690": "Reinforced concrete", 
        "23217549-36f9-4d85-a671-fcee0137418e": "Retaining wall", 
        "3777ebe8-041b-419f-8e8b-8f00c7d23305": "Saddle notched log", 
        "0c3c2181-e29b-4d86-a002-503c0690e830": "Space frame", 
        "3cc1b67e-73f4-460c-8296-478d7d1f4842": "Steel skeleton", 
        "75ee368f-6976-4fea-a16f-9bb773bb22f5": "Stone", 
        "bfe06bdc-23ed-428d-b3ec-80b5f27c43da": "Structural clay tile", 
        "25264b93-bf14-4973-b736-891c437b936c": "Tabby poured", 
        "ef8739d5-fcd1-4d7b-b382-e2f3acc827e8": "Tensile", 
        "dd339431-1b6a-497f-a2e7-17315473072a": "Tongue-and-groove log", 
        "4a30b6d5-48c2-43f5-b4c5-b54b832bcdb6": "Unknown, as specified by documenter", 
        "b076c842-e211-4a16-a1c9-365fc64e1cc6": "V-notched log", 
        "794b6c06-f586-4cc5-a3e6-808c5c071a15": "Wood frame", 
        "d08eda27-03d0-4e2e-a605-d8b5713d10c3": "Wrought iron skeleton"
    }, 
    "Resource to Resource Relationship Types": {
        "ac41d9be-79db-4256-b368-2f4559cfbe55": "is related to"
    }, 
    "Visible Artifacts": {
        "360157b2-162d-4dde-b44c-f401c4acdf85": "Architectural", 
        "a3b974b8-16bd-44d3-87d2-c565cdbe4061": "Glass", 
        "497e554c-fb93-4d2c-8ec3-a1a4bc28997d": "Historic ceramics", 
        "caf4fecb-d308-40be-9bda-cbded7109474": "Lithics", 
        "561f2f7e-92a2-4cf3-bb9d-3264f7390775": "Other (describe below)", 
        "c1c172a6-c7d8-4806-9957-74c9ebc7f99a": "Prehistoric pottery", 
        "a5581ca6-1da5-4144-a53f-5a066219f6ce": "Shell tool"
    }, 
    "Overall Site Condition": {
        "5bafbd5f-8e25-4db3-8e23-a730c633d2f7": "Fair = Declining", 
        "3696827d-9da2-4b0d-a892-7c320f2da9f9": "Good = Stable", 
        "948ef076-d14c-4cb3-9713-f780463a5a3c": "Poor = Unstable"
    }, 
    "Visit Time of Day": {
        "0b2e1622-4a22-4df5-b50d-83a5649317bd": "Afternoon", 
        "5f79916c-315b-4cc6-aff4-487bb9e5bbef": "Evening", 
        "3da759e4-d185-4a8d-be57-28d517160cfb": "Morning"
    }, 
    "Plot Type": {
        "4a8340fa-d0bd-4035-a2a4-2f68a104f1f6": "GV", 
        "62ac28a5-b628-4c71-9c8d-94bb4fbfdf6d": "NORM"
    }, 
    "Structure Use": {
        "b4575f77-011e-48ed-92b6-e92c2123641c": "Abandoned or vacant", 
        "5f25ecf5-6fd8-48f6-8555-4e3f51cd5c73": "Agricultural", 
        "0c305972-d708-4161-aca8-e59c177a9c5c": "Airport", 
        "eed783c2-00fc-45d0-a6cb-0759f6d1f3ac": "Animal shelter", 
        "3fc8d087-27fb-44f0-ac69-70a8d4e93816": "Apartment", 
        "e896ac53-4a1e-498e-b2f9-761846f0da28": "Armory", 
        "5579aa31-7abb-42c6-a011-68d93348994e": "Automobile dealership", 
        "d2a4d713-4d4b-4ab9-96b6-7619b134dda3": "Bakery shop", 
        "3362dabe-893f-475b-947e-053063051416": "Band shell", 
        "78a31e6f-eb51-4012-973c-1874b88a572b": "Bank", 
        "730f01fa-804c-4aad-8374-9cb8d65aa58f": "Bar", 
        "64ddeb31-c623-4d03-a69f-1f383080605f": "Barber/Beauty shop", 
        "2a2c358f-8462-42b8-b80c-5fb87c82a924": "Barn", 
        "503f29f0-d628-4a2c-9c8b-b21794d63793": "Bed & Breakfast", 
        "4c195c05-a509-4972-a441-f611c0db9427": "Boardinghouse", 
        "2f65c9d7-13ba-49b6-94c4-84200f1c511a": "Boat ramp", 
        "fe80a8f9-62a0-4634-86fd-cb69c1fac0b0": "Boat slip", 
        "a4b0deb8-6028-4563-b8ae-2e02fe607e0c": "Boathouse", 
        "179f42ba-1e95-4a9e-8e9b-6c2b2a52891d": "Boatworks, repairs and service", 
        "0f2b2b43-9f62-4b59-be99-662bb0c08c27": "Bridge", 
        "6365300a-4bbe-4d9c-a876-b4274f07c693": "Cemetery", 
        "46dbe40a-546d-4af3-9d6c-d218d117c2b8": "Charnel house", 
        "93e5bef2-73e9-4246-998d-af316f5a8cf2": "Child care", 
        "e73095af-654f-42a5-accc-6dabf1a001ba": "Church/Cemetery complex", 
        "daac399d-7f4f-42e7-8f5c-fff9ea3c58c9": "City hall", 
        "88fa27d7-f7bd-4b8d-b351-42af9e493a2e": "Civic center", 
        "2617fc15-094e-4c82-b5c4-4849a1604adc": "Commercial", 
        "0da9c632-ba9c-4dc2-b92e-ba3640b70445": "Commercial and apartments", 
        "bd58349c-4138-4a75-b9f5-40af8a6526ae": "Commercial and residence", 
        "13912ab7-2126-4550-a358-1d04686b26b0": "Communications-related", 
        "96696819-5e4e-421a-936b-d9822b33194a": "Community center (e.g., recreation hall)", 
        "2c2f1b01-a2fc-4dbe-a196-8548794f8b18": "Control tower for air traffic", 
        "11350c2f-87fb-470a-9e49-bd4991d8635d": "Convent, Monastery", 
        "a6522106-9d32-4f85-825c-617b81b4026a": "Courthouse", 
        "adc844ba-45de-4b77-8db8-6cd6f465f766": "Dairy", 
        "54a2cc39-7e77-47bd-ad99-e144002563ef": "Dam", 
        "f6e5a642-0800-4add-b2a4-1a78d6b6eb7c": "Department store", 
        "733d1f3c-6251-47c2-807a-b0c3b7bb6b78": "Destroyed", 
        "df392018-795b-414b-b1d9-295d3ed9db92": "Dining hall", 
        "153edcc1-bae5-427b-952c-865e275a7c8f": "Dining hall or Cafeteria, not retail", 
        "7a9b04f5-473d-46ea-876a-45e72910251e": "Duplex", 
        "15c60b4e-2854-4df6-ad8f-851461580e2d": "Education related", 
        "83a7f4da-ed19-4228-9e2e-ac1064308254": "Entertainment", 
        "a41cf4a8-adc8-4fe2-b805-f0d1bc063b50": "Farm", 
        "7d7a68a9-79ee-4537-855b-898cb2174b80": "Firehouse", 
        "b266aa16-7fa6-4b66-8ec5-4d828f286951": "Fish house", 
        "9a691378-3914-4a72-937d-c1ea163d5e31": "Fitness center or spa", 
        "3d7fc5ec-d477-4694-bec1-e28042dd16d6": "Fortification", 
        "93bd7ab7-b774-4f42-88e5-db83595f02dc": "Funeral home", 
        "d7769375-3f71-4009-a327-5ef66584f869": "Garage", 
        "106aabd3-9b94-4188-ada8-4867f39e4a09": "Garage apartment", 
        "a2967696-310a-4692-b556-8704417a4f7b": "Gateway/gatehouse/arched entryway", 
        "ac4c9071-a1aa-4fff-81fa-7414153ae670": "Gazebo", 
        "dd622905-eee0-45d6-82b3-99006df46daf": "Golf course", 
        "447ed05a-44d7-4cca-b2a5-b8a4f7de5965": "Governmental Offices", 
        "cf24444f-7136-4c88-a265-b762d0cfa241": "Greenhouse", 
        "069cea94-7717-4cba-b244-fe566548e776": "Grocery store", 
        "5d2b509a-2326-49a1-9d02-8d72c76d3c5a": "Hall", 
        "975a6d95-fdd8-4476-af2b-3c9b4454a725": "Hangar", 
        "17243aad-8783-448f-9451-f3a4f1ec4a34": "Hardware store", 
        "98a42807-da06-46ce-9f64-5d66c692f98b": "Health center", 
        "4d0a8d65-1241-4bcf-8369-1edf9bc1e1f7": "Hospital", 
        "1494dae4-f604-4d5f-ab7f-8592ffa2b79f": "Hotel, Motel, Inn", 
        "8ec2eed5-24e6-497b-8834-efda80a968b2": "House of prostitution", 
        "20cdefbc-2093-49cc-9d91-a8221c5ec984": "House of worship", 
        "bd1b7011-687b-489d-a2ec-078f38506e4a": "Icehouse", 
        "d2821dff-2d80-431a-b592-199cb6bad935": "Industrial plant", 
        "4191732e-3210-47c7-a4ef-4756b1a585e1": "Kitchen", 
        "9295dd99-d4c3-4d54-99bd-9e95d4750d80": "Laboratory--research", 
        "d9c8f94c-0f16-4260-bd5d-9744387b344a": "Launch pad", 
        "d8f46b9c-0aa9-474c-a282-4f08f0feb5a0": "Laundry", 
        "a1d0bdf2-2ff3-4bde-88db-5a07e7aa3e57": "Library", 
        "9643b8f0-d20c-40d6-b9e0-ab21c1412427": "Lighthouse", 
        "15db2539-ef89-47b6-929b-774730ab781c": "Lock structure-canal", 
        "8fca19f3-34d5-4b55-b05d-dd6d3d2c825f": "Lodge (club) building", 
        "b61ab100-70a5-4243-9720-60d840e02dbf": "Market structure", 
        "0390ccf5-ccf7-4e15-a11d-01fd317b0cb7": "Mausoleum", 
        "6b43b63a-03bc-483a-b06c-744498a8dce2": "Medical", 
        "b51ab056-d32a-41be-a2cb-9f948c9db61c": "Meetinghouse (religious)", 
        "175252de-6ac9-451e-bd32-99b5f77d3442": "Migrant housing", 
        "1ab6d6b8-b963-490b-bebf-69938b6681cd": "Military", 
        "10219209-a39d-4baf-a920-fe2f5d738308": "Mill", 
        "44ef192a-c1b6-4517-bf9d-24dfba88e1c4": "Mobile Home/Trailer Home", 
        "bad402b0-c902-454d-a562-6f9c1b06b2b6": "Monument, Marker, Statue", 
        "f07ad897-050c-4975-83e8-1b494f04d943": "Moonshine Still", 
        "3e4c6c81-b251-40b3-8079-1479b28592c4": "Multiple important uses, as for a distri", 
        "4e340477-9f7e-43fe-b54a-f21bcbc9b6b9": "Museum/art gallery/planetarium", 
        "0f71f3d8-843e-49e6-8735-bae3c0306562": "NULL VALUE", 
        "edf4f825-39ee-43f6-9ad3-60d35aef8797": "Not applicable(district or thematic grou", 
        "8dec0ae0-8bc7-4646-a0ff-c0deb57707db": "Nursing home", 
        "25761834-f8be-4d0e-a763-2ee8abd445f6": "Office", 
        "3e3f0673-be1a-45d5-81f3-b594ab3c7add": "Office building", 
        "f38c4f67-4567-40fe-91c0-9408b7d56593": "Orphanage", 
        "25ac5791-e5a3-4cc6-b027-053b4b326f63": "Other", 
        "ef9103d6-ab26-48d9-8e08-fb87d1c493bf": "Outbuilding", 
        "bb1b0182-6cd3-487c-999b-ca29b4583e3e": "Outhouse", 
        "68b4c0cd-c67b-48ed-ad20-5fac65bf2d8d": "Park", 
        "e39c98bf-3500-4fd4-914a-c2fce0e54bb5": "Pavilion", 
        "98d0f948-2fa3-40bd-86ae-cff6acbe3c60": "Pharmacy", 
        "a9b7091d-423a-4d40-8f75-5314cea51802": "Pier", 
        "28138387-80d2-407b-b185-a7be35fdf228": "Plantation", 
        "9cbce6d1-b0cb-4fd1-bb98-2aedacbb7c23": "Plaza or square", 
        "3485fc45-98f7-49e3-9add-83e04a67d076": "Police station", 
        "b3a93ee1-4068-49e3-8f2d-a68abc881d4e": "Post office", 
        "e6580435-6dfa-4269-8d4d-149ad55c4824": "Power plant", 
        "1c3396e1-67b0-472c-945a-36ae69ac3954": "Prison", 
        "225f4c5f-b114-4313-be9c-43378cc512a1": "Private residence", 
        "4ee7e638-6ed2-45e0-a049-b0f733493d22": "Professional**", 
        "403e791f-8f46-4997-b6f5-7f445480ae0e": "Raceway", 
        "98bbdab7-5c63-4f0b-8818-415175546594": "Recreation--nonbuilding", 
        "fdc178bc-e304-4347-a703-500c846a630c": "Restaurant", 
        "3a2362f5-5711-41ac-a52a-7f51944f330f": "Retail establishment", 
        "6f5080d9-5fa1-4dc7-99f1-0675be5b72db": "Road", 
        "7db45c26-d9e2-4596-b242-bb0430fdb12b": "School, University, College", 
        "9397cedc-225f-46ff-86ff-ea682cf13fa0": "Seawall", 
        "9567242c-faa6-4181-a055-70e166cec111": "Service station", 
        "f4f414f3-f882-4796-90b3-3d486177f617": "Sewage treatment", 
        "cb9921d3-25ce-4a6b-8231-be045b126210": "Shoe shop", 
        "7dcff115-0899-4728-bef2-efcd195117ea": "Shop", 
        "7b785a70-089f-43e1-972b-0e916767090a": "Shopping center", 
        "a9e51d48-d32e-4b23-bb34-cd05ddbed45a": "Slave quarters", 
        "e4bc4a29-541e-484f-9961-a2b39256250d": "Smithy", 
        "651a0d9b-f16a-4483-b0c5-bc1f5b2d00e1": "Smokehouse", 
        "5b526900-b7be-4faa-9b24-80442980b1e9": "Springhouse", 
        "d8383971-96e9-4725-98af-12d468676c60": "Stable", 
        "2c2d9791-51c3-4e69-9543-ee351d43a144": "Stadium", 
        "710e9c50-cbdf-4163-bdae-3a2785d7de32": "Swimming pool", 
        "1d2726e0-908b-4291-8060-d71a6a864b81": "Temple (religious)", 
        "3cd71164-1adc-4f26-89eb-dcfecff1bb5d": "Terminal, Air/Bus/Rail", 
        "3b27bed1-2ca0-419e-9ec5-6edbf8f250b5": "Theater", 
        "c0a1cdb1-8de2-4bd9-a7d9-13a1ec18189e": "Theme park (resort complex)", 
        "f18ada61-6e48-49b2-8a4c-af4543dc518d": "Tower", 
        "81f208fc-70e7-465e-86ed-a934eda6ce9c": "Transmission structure (electrical)", 
        "b77bdc42-5245-40c0-84d6-fd14f372816c": "Transportation", 
        "ce000d85-28ca-46ba-9892-7158d319858c": "Turpentine Still", 
        "169b5d49-71a8-41de-9072-a6267a4e60cb": "Unknown", 
        "e7004b86-b3a6-4fe6-b5a4-1ec97d163875": "Unspecified by documenter", 
        "a35a1e99-f096-4994-9bbe-4137142a7ba9": "Vehicle-road or rail", 
        "987a6d74-349a-42f0-aa46-24ed8bf0acaa": "Vessel--watergoing", 
        "ada60834-ae73-42a5-8631-8a291c0d0857": "Wall", 
        "529bc8fe-32be-4cca-b45c-e2cfdb1c661e": "Warehouse", 
        "f39ed5bd-f361-47cd-aa2e-21cd4fc0d4d0": "Water Tower or Supply Structure", 
        "660c5c2e-c3a4-4eb0-b4dd-db2c781facb6": "Water fountain", 
        "9627ec32-275c-43d5-9f1f-b260e91998dd": "Zoo"
    }, 
    "Regions": {
        "040d91ea-6984-4a56-9e72-64f87834e145": "Central", 
        "bded0c6f-e2ab-4177-84e1-de69c69cd6e5": "East Central", 
        "4cc0e31e-bd46-4632-9c36-5f3c2628ef64": "North Central", 
        "258e213d-a47a-4545-9a94-7ab1449d9f67": "Northeast", 
        "5c97e64d-8598-482a-bbcd-e61684f34389": "Northwest", 
        "a74fec7a-75da-4faf-8e56-d8af1ce8d5e6": "Southeast", 
        "14e1f3bb-d8a6-42fa-a375-c03a0bd89b53": "Southwest", 
        "602d53f7-f371-4603-8e5b-40e2b341cb94": "West Central"
    }, 
    "Plot Method": {
        "43dea8e8-3dd6-494c-b7e2-d7e2e7750b34": "D", 
        "f21b3330-c64c-460d-b6c7-d28dc7fc91b1": "M", 
        "2fc96b3a-5874-4aec-bc28-92838b764c9e": "X"
    }, 
    "SHPO Significance": {
        "efddfc83-a9a6-4760-8634-4f6d7eb6f950": "Eligible for NRHP", 
        "ef8642bd-c558-4914-b544-0dd966987e42": "Ineligible for NRHP", 
        "313bb781-3c7c-456d-9b11-9b0ed980cee7": "Insufficient Information", 
        "6fdf6bd2-7ad4-4a6e-941d-013a11fc9028": "Not Evaluated by SHPO", 
        "a9f511f1-ea2b-45fc-85c0-753cd03244fc": "Potentially Eligible for NRHP"
    }, 
    "Recommendation": {
        "a29bd7cd-aea6-461d-963b-6cd6d4cae40a": "Defense", 
        "25a2868f-bc77-4246-954a-851a271d962b": "FMSF update", 
        "2455d32d-d1c0-4bd9-b47a-6ba4877c885d": "Other", 
        "f953f862-4cdd-4564-a0d1-0db9f693db8a": "Repeat visit"
    }, 
    "Visit Type": {
        "395b456e-ee37-486a-aa4d-161502ef1f52": "Follow-up", 
        "916a56f4-013e-4c61-82b0-9eca1cc20420": "Initial"
    }
}