{
    "Style": {
        "8f75d4d7-0adb-4912-8216-f131eee067cb": "Art Deco ca. 1920-1940", 
        "20a69d38-1a48-49f6-959c-1c3c50045c64": "Beaux Arts Eclecticism", 
        "88612f21-d24f-4da6-8994-12ff939d57aa": "Box (American 4 Square)", 
        "21a1b56c-e5fd-451d-a97f-008bbe28b4b7": "British Colonial ca. 1763-1783", 
        "5a7f4a7b-501a-475d-bdbf-000870e29576": "Brutalism ca. 1955-1970", 
        "6039fbcc-46c7-42bb-96a6-7e417561b83a": "Bungalow ca. 1905-1930", 
        "4c28ab2e-8cec-4e4d-b0b1-a167f8acf206": "Collegiate Gothic ca. 1900-1940", 
        "d1dccb46-102b-402a-bc51-48d2f310b3b7": "Commercial", 
        "01c8268a-5342-4d3d-97e9-9f5b365e04d5": "Craftsman", 
        "75f0bb8c-6902-4191-9880-fb7461698a2b": "Dutch Cottage", 
        "722b0c8e-160f-435f-814e-9a73c5412912": "Egyptian Revival ca. 1835-1890", 
        "14c183ed-3ce4-45cd-a06b-167c1367c68e": "English Cotswold Cottage", 
        "b8543739-b2d0-4769-87a1-6faf9a1961de": "English Georgian Cottage", 
        "e7498c65-0615-42b8-a8dd-aa940b8368b4": "English Tudor Cottage", 
        "95eb927b-af10-4c5c-ab7e-716488bffe77": "Federal (Adamesque) ca. 1780-1840", 
        "1fd98c43-e26f-4976-9fba-a23a273e9700": "Frame Vernacular", 
        "6d4f54cb-bef9-47c7-93f2-2c4700091ba4": "French Colonial", 
        "14ed3e1b-5a27-45cb-af91-3a6811d8a4e6": "French Cottage", 
        "42c2bede-6b34-456c-bd35-bcdef47dd0b2": "French Renaissance ca. 1880-1910", 
        "031277a0-7c05-4296-b269-1ce310001a19": "Georgian Revival ca. 1880-present", 
        "316c3b59-77a8-4161-8e24-86d51f7361fd": "Gothic Revival ca. 1840-present", 
        "5bf74c65-ee75-4cf4-8864-4bbeb9bcc667": "Greek Revival ca. 1825-1860", 
        "9548ae3f-39d4-42b5-bf53-201c55a016c8": "Industrial Vernacular", 
        "6713cf1d-480c-4950-9626-18e8868f5e17": "International ca. 1925-present", 
        "df69f0b5-ada6-4087-8cee-aa7335324541": "Italian Renaissance Rev ca. 1880-1935", 
        "d736c60b-e146-4649-8310-477f3cbf5a18": "Italianate ca. 1840-1885", 
        "fc97291b-8899-4984-b0c0-b3e8173d97b3": "Log", 
        "519efbb1-8abe-4a63-95d4-cd59faa18446": "Masonry vernacular", 
        "f31fadb4-1fcc-496c-9d3a-975a09b22611": "Mediterranean Revival ca. 1880-1940", 
        "b6d8b7b4-d83a-4a37-85e1-49137dd4715c": "Mid-Century Modern ca. 1940s-early 1960s", 
        "cef01e99-1acb-4924-871a-6f9eccc2dd68": "Minimal Traditional", 
        "c21ccb5b-487c-4727-a76f-48e1b2d8dbca": "Mission", 
        "737bbeb2-17bd-421f-b659-e9f379a752f8": "Mixed, None Dominant", 
        "0ab2bfe3-37fe-4072-8251-6eed074f143f": "Moderne ca. 1920-1940", 
        "29636936-aeb1-4791-8f89-13cd2a6a514d": "Monterey", 
        "ff4993d6-8527-44c6-8b1c-ecb4c4d30a6c": "Moorish Revival ca. 1880-1910", 
        "4f1a37f6-6590-4cb2-8bbd-d53eece32249": "NULL VALUE", 
        "04872a95-db97-48bd-8da5-0156696c8441": "Neo-Classical Revival ca. 1880-1940", 
        "5067604f-bf7b-42d0-89f1-e4621a01e822": "New England Cottage", 
        "4a14ea03-c0b5-44f8-9541-dba79ef9e230": "No style", 
        "7afb9020-abeb-41ed-a26b-eb063a543f4b": "Not Applicable", 
        "6edb3a72-e307-4160-9f11-de1d25bc034b": "Octagon", 
        "225ff4c5-bd14-4d39-91da-28649b00f778": "Other", 
        "f1299fcd-c367-4ec1-bb03-a017c798f33a": "Prairie ca. 1900-1920", 
        "bc2c8694-8a92-415d-8ad1-b9cb59597014": "Pueblo", 
        "e5f112e0-0f2b-4520-b59b-969fe92b81c7": "Queen Anne (Revival) ca. 1880-1910", 
        "efbf9c21-369f-4b43-8e57-e74f94ab5848": "Ranch", 
        "908bd184-b384-4078-8e3c-e62f1ac3bba2": "Romanesque (Revival) ca. 1880-1900", 
        "e7517edd-cdde-460b-8b6e-7f14930cc408": "Second Empire ca. 1855-1885", 
        "33575514-6e51-4ed1-87aa-42527664a73f": "Shingle ca. 1880-1900", 
        "5a29b5a1-039c-4c2f-84d3-8c5334da3219": "Spanish Colonial 1565-1763, 1783-1820", 
        "9c9f8fa8-5576-4b70-b881-df456879f988": "Spanish Cottage", 
        "541f0266-7d59-48d8-838f-00ad425a33e6": "Split Level", 
        "f68facfa-61ad-4a26-8396-23ccc418afcb": "Stick ca. 1860-1890", 
        "7fa4aff2-eee4-451e-88f0-268fd0bfe5f0": "Tudor Revival ca. 1890-1940", 
        "03618b5a-538f-4d51-9876-75b2d5e0b9a6": "Unspecified by Surveyor"
    }, 
    "Priority": {
        "e7b81e74-d018-4f23-a0e4-619cc46c4983": "High", 
        "7e56c930-7cfb-47e7-a3b3-2888242c33b7": "High", 
        "866fea7d-c719-4aab-a1c2-1be851b66ad0": "Low", 
        "56686fa3-7e21-45bc-877f-fe85430040a1": "Low", 
        "ddbfdfe0-3f42-4304-898d-df404789cd97": "Medium", 
        "4c356328-7ad5-4ae8-9d8e-6e8b114dbea3": "Medium"
    }, 
    "Name Type": "Name Type does not appear to be configured with a valid concept collectionid", 
    "Plot Method": {
        "c7ca26c7-2835-4fbe-a4a5-0ca6dfd08684": "D", 
        "7d37c2e8-d8e7-461e-82e5-cb622eb5f8df": "M", 
        "e55cbcb9-c0e4-47b8-b006-a222923980f4": "X"
    }, 
    "Threats": {
        "5782a6d7-89c7-467e-ac6e-cb065df7d7ba": "Active Erosion", 
        "d922e21d-7d8c-4cc2-95a2-6f9b2ec5528b": "Active Erosion", 
        "9a82e6dd-b825-4e02-9c3e-883478198204": "Animal disturbance", 
        "7f4edcc9-b696-42f0-8c54-7843c3f3536b": "Animal disturbance", 
        "7deb75e0-4f08-43f0-962b-4e54c32ffef0": "Development", 
        "211df3c9-b2bb-4432-b33e-7b96f534ffb4": "Development", 
        "40c02344-a3df-4e44-aebd-ecd5c72a3db6": "Flooding", 
        "a11f7537-813a-40f9-b2fc-dd670ba7a7b1": "Flooding", 
        "e3240fce-5b8c-4005-84ed-d28f7b439cc8": "Other (describe below)", 
        "555ef410-d8d0-42c8-8489-1823d457be1d": "Other (describe below)", 
        "0f75b31d-4175-41f6-b33c-4dc1df14d6ff": "Storm surge", 
        "fdd95fca-9063-4e6b-b004-2b828cb13cee": "Storm surge", 
        "5aade3bc-a5a0-4874-8886-5faa4b16a430": "Vegetation growth", 
        "2e06295c-0d0a-408f-81d1-06c89350027a": "Vegetation growth", 
        "c2c3e80f-f253-4781-a800-1fdd200c8b52": "Vehicle damage", 
        "fa499f0c-c539-4307-b9d9-833d6a80189b": "Vehicle damage", 
        "9cb3d119-77f6-46fb-8162-03de52db3fa3": "Visitor traffic", 
        "21854cce-c8cd-4c60-984d-dfc125b04bfd": "Visitor traffic", 
        "6d7f604d-41c4-4d69-b96c-67297a312a1d": "Wave action", 
        "d6129822-00b6-4951-bc7b-232dd6a99a7d": "Wave action", 
        "d1cb786a-31cc-40d5-8e3f-a9f43294938a": "Wind", 
        "251c4bf5-b7c8-4b9a-a90b-7169548ab3d3": "Wind"
    }, 
    "Visible Artifacts": {
        "64fa166f-74f0-4030-8b0a-ae568c1ac976": "Architectural", 
        "86633b29-c190-4775-bec3-c95a72d28806": "Architectural", 
        "36d79b49-a60c-49bd-835a-800fade9b515": "Glass", 
        "2179c455-4dcb-43a5-8e2e-cee654e9ffb2": "Glass", 
        "22f5c1a1-7f21-4ef1-9e95-e7df4066f0cd": "Historic ceramics", 
        "990e949a-1431-4974-921c-96c9ea7cc89b": "Historic ceramics", 
        "2261a364-4c0a-4465-b632-a7daa7c667ca": "Lithics", 
        "f707fb48-27d2-4ea4-9061-2e713512dd34": "Lithics", 
        "e8d44840-3235-4617-a3cf-9c1030c0dd50": "Other (describe below)", 
        "7c9dc51f-89e5-4538-b0d4-ca6b1897e53a": "Other (describe below)", 
        "7c81cfed-06dd-4a7a-9c9e-8f3dcaf831f0": "Prehistoric pottery", 
        "2b593f05-19b6-401c-abac-5068dcb412b4": "Prehistoric pottery", 
        "282191ef-f62e-493c-acc7-e3cc35c6a14c": "Shell tool", 
        "67fcf09f-3997-4de2-90de-95803935d8ff": "Shell tool"
    }, 
    "Resource to Resource Relationship Types": {
        "ac41d9be-79db-4256-b368-2f4559cfbe55": "is related to"
    }, 
    "SHPO Significance": {
        "92ab7b9c-3bd6-4c1b-bc92-7a7dccc610bf": "Eligible for NRHP", 
        "2d718e7f-5a12-49e4-be9b-02691ba9b1b1": "Ineligible for NRHP", 
        "a76edebc-6762-4040-b0a0-e40911b65b47": "Insufficient Information", 
        "3bf9f8e1-7068-49c8-a618-3a2c85c586cc": "Not Evaluated by SHPO", 
        "d8df409d-9f81-4efa-a85e-c6fa7ab21ec9": "Potentially Eligible for NRHP"
    }, 
    "Exterior Plan": {
        "724d77b3-208d-40b7-bc9c-2c5bc5d17268": "Central Block-1 wing", 
        "00696bd7-6f5a-4717-8556-14558c96ae6e": "Central Block-Symm Wings", 
        "d1852919-035d-48a8-8646-bd16bdedb577": "E-shaped", 
        "07b0476f-1a27-4f98-8664-35287dd0119e": "Greek Cross", 
        "c7e8e85b-91a0-48c5-9f0c-fbfd4ab79247": "I-shaped", 
        "3d4e5b5b-81e6-493a-9280-499a65dae3ed": "Irregular", 
        "740cca4c-64cf-4365-b17d-3b435cd9385a": "L-shaped", 
        "15f7c22b-e54a-4910-b4ef-857ca6f37db8": "Latin Cross", 
        "2fe7538d-d622-43af-8b41-304a0821e0f0": "NULL VALUE", 
        "7aa23d6d-a1d8-4c60-aa8b-2b753c115cec": "Not Applicable", 
        "60edf704-e6a4-4ce7-b9a7-27423157956e": "Octagonal", 
        "73865506-c9c9-44fc-8140-e64b24016fcf": "Other", 
        "dfaa678b-aea1-4ed0-95dd-bdbdc0d055a1": "Rectangular", 
        "9f2e7a5f-24e1-4322-9725-d09213c61285": "Round or Circular", 
        "85458250-e343-473a-a856-857646cff8d6": "Square", 
        "131d76a8-61fe-4a48-b9a1-7c4bf8900e6b": "T-shaped", 
        "0137a16b-6fd0-401c-a076-b8204d5a1821": "U-shaped", 
        "d053ce71-8031-4cac-bae5-001aedfb171a": "Unspecified"
    }, 
    "Visit Type": {
        "0a0f6804-b284-4946-8be9-81eb7ef3064d": "Follow-up", 
        "027c5c5a-153e-482b-8927-d463484ec419": "Follow-up", 
        "9b8cf557-fc92-466d-a595-a0c1848d0790": "Initial", 
        "b65fe2f2-48f5-4f1c-ac52-63195a07c3b4": "Initial"
    }, 
    "Structural System": {
        "507b351a-bc14-4514-9152-c3e0449b351d": "Balloon wood frame", 
        "c824e428-7b7d-432e-810a-c81a38b78b3c": "Braced wood frame", 
        "4a711886-0a55-4a10-83a9-d56546518814": "Brick", 
        "29265714-46f0-4ccf-b298-0efc29639c28": "Butt joint log", 
        "9f65e418-2f02-4432-92ba-919965fb9fac": "Cast iron skeleton", 
        "6b0944c1-79d2-4bae-8757-5f2b469d11e7": "Cast-in-place concrete", 
        "87a0a3fd-8991-4730-b602-71446809f180": "Concrete", 
        "78a38a93-c07c-4156-bb91-574a6e75c96b": "Concrete block", 
        "2c2d21d1-816d-4939-a7f0-a6b156f42617": "Coquina block", 
        "0a617a67-a695-4c21-9830-3c0101f7d10f": "Dovetail log", 
        "7a502ab8-adc5-4df3-bab3-4ae125e1d9ad": "Glued-laminated wood/plywood", 
        "fc1c0b1d-49fd-4b57-866a-6b3c82da7399": "Lapped log", 
        "8ebb2d78-99d1-4b99-b4fb-8fa83d5a49ad": "Light wood frame", 
        "7913cc4f-416f-4fb0-b7fd-3846b02073c7": "Log", 
        "afc898a7-6c8a-44be-8a39-aaf014530e87": "Masonry", 
        "f284a9e8-d54a-4bab-8a9c-fdda7fb93950": "Metal skeleton", 
        "cdd43b7b-1873-4780-96c9-dc7e8436b6b0": "NULL VALUE", 
        "5bb59ad5-ca43-4847-93ba-ddd8da3e781e": "Not applicable", 
        "3af76f73-63f0-4aa9-a397-8a965a7e35b1": "Not specified by surveyor", 
        "5c5810e8-6ba0-42e4-a5b2-a3820a83e46e": "Other", 
        "afd05b48-74cd-48b3-aabe-6af15ea415b8": "Plank wall", 
        "45221df8-55e3-4aea-9b0a-bfbf15071d61": "Platform wood frame", 
        "e532bb20-b528-4721-92c8-c78b950b1dda": "Pre-cast concrete", 
        "21e8b7c2-5f23-4481-928b-bbd1feb00a7f": "Reinforced concrete", 
        "da90b90b-a5ac-463b-8e88-18ed466e24e1": "Retaining wall", 
        "147a95a0-40d3-4e45-bada-4acd64e4ccd1": "Saddle notched log", 
        "d43d1d2c-b977-4a39-ba3e-f36a6229ffe3": "Space frame", 
        "578cad24-9fc0-4031-9fb9-8e72fd498dc8": "Steel skeleton", 
        "aa1e9929-de8a-40a9-953b-2d0fa2e60523": "Stone", 
        "fd4c252b-ae5d-4806-b487-0f78c9509d6c": "Structural clay tile", 
        "2b917d37-9376-4d46-acf0-8c716d79221a": "Tabby poured", 
        "16707d15-c317-49ba-b003-46e8a51c6dac": "Tensile", 
        "e6125fdb-d384-4d9a-8230-1a693ee13fb6": "Tongue-and-groove log", 
        "fcad3058-1734-422b-9a48-c994be7b8c9d": "Unknown, as specified by documenter", 
        "a650c97e-4583-4373-a1bc-212896408b92": "V-notched log", 
        "0b88afd2-84ff-411a-8308-dd958f2ee40c": "Wood frame", 
        "be9303c2-d94b-4496-a07d-de7a891dc3ac": "Wrought iron skeleton"
    }, 
    "Location Verification": {
        "b759f649-ea7f-4bab-8d45-ca7443e81e7c": "Mission location verified", 
        "4164cf6e-c2fd-4afa-b639-753e501109ae": "Mission location verified", 
        "18384efb-5aad-460d-a042-cae575d39ea8": "Site could not be found", 
        "ba988d72-f569-4bd2-ae5f-781a39c62b69": "Site could not be found", 
        "5e380da3-423e-4399-bcb5-10f0a115b55c": "Site found but in different location", 
        "a3a15d7d-a04e-44a8-9ff5-6c11791c1a1f": "Site found but in different location"
    }, 
    "Regions": {
        "9dcf43c1-bbb0-458c-9972-2bc31c296301": "Central", 
        "5b903f8e-2913-48b6-b1d7-697fd4641c1b": "East Central", 
        "e2362bef-7d03-4307-bf74-9fedcf056907": "North Central", 
        "f92c4ee9-d9f6-48e1-8f13-091c161e231b": "Northeast", 
        "f6471020-d0de-4d5c-a10b-40b6d00e7ded": "Northwest", 
        "1ebee43e-6c9f-4b97-be22-019b28dceff9": "Southeast", 
        "c27d6b1d-ba72-418a-b03e-51e417976bc4": "Southwest", 
        "aeb7e2ba-1a94-418c-b222-6dbe91d36321": "West Central"
    }, 
    "SurveyorEvaluationDist": {
        "58e629da-56b1-464c-89f9-98012536ea7b": "Ineligible as contributor to NR district", 
        "47e18500-e2fd-438c-9aba-85fe03af2e6e": "Insufficient data to judge eligibility", 
        "6a3b488d-9634-49af-b69a-160aa4c270a1": "Likely contributor to NR district", 
        "32f8a152-2c6a-4a68-b7ce-1386cfc2a6a1": "More work recommended", 
        "714b45b3-0877-4fc9-88f9-d96c65ec4592": "No further work recommended", 
        "5933a7f1-2808-4787-a155-008b3c1c9748": "Not Evaluated by Recorder", 
        "03c2c21d-c4be-4112-8c69-fcbb363a602f": "Potential contributor to NR district", 
        "5e3baad9-d14d-482f-8b6c-54ce38155b56": "Preservation not recommended", 
        "af7af13f-e124-462e-b2f9-8caff7c2bd47": "Preservation recommended"
    }, 
    "State Parks": {
        "46518364-c34e-4f6d-979e-9db6f00fc7fe": "Addison Blockhouse Historic State Park", 
        "6adcd464-047c-41cc-86ef-ec079cd1efcc": "Addison Blockhouse Historic State Park", 
        "0c08c1f0-d29a-476b-a947-a92f83998fe7": "Alafia River State Park", 
        "1fdccce6-0f1f-4a2c-a4ab-2cb4653958aa": "Alafia River State Park", 
        "b7461ec8-3fc7-4490-9a77-38cc67a98e3d": "Alfred B. Maclay Gardens State Park", 
        "7949153e-b0e0-411f-b767-b108b9039677": "Alfred B. Maclay Gardens State Park", 
        "4e1ea359-2f3c-401c-8d91-d8a55996a230": "Allen David Broussard Catfish Creek Preserve State Park", 
        "af4b00ee-631c-40e8-aece-37e00c316a45": "Allen David Broussard Catfish Creek Preserve State Park", 
        "ae85c896-d869-43a2-a866-db3633747f53": "Amelia Island State Park", 
        "9b4460e4-5583-44c6-9d43-2405c56a8ff7": "Amelia Island State Park", 
        "f5888f73-e383-435f-b090-d6ced6c6417a": "Anastasia State Park", 
        "264d9840-3545-41bd-a72f-4afcb3648cf3": "Anastasia State Park", 
        "f9181e71-228b-4a6d-b692-ea86826dd084": "Anclote Key Preserve State Park", 
        "35325b21-ad22-4c0e-b05f-1918eee8c4d8": "Anclote Key Preserve State Park", 
        "daf015e5-7c78-4c1c-9d04-74bdebd1666f": "Avalon State Park", 
        "1aaaa1fd-1f6f-4a60-b5ac-9755a303a931": "Avalon State Park", 
        "d67f1e76-cb3a-46a3-be16-47dc534e16fd": "Bahia Honda State Park", 
        "c289b065-faa6-4c73-9fa8-20febdf95dfd": "Bahia Honda State Park", 
        "6db7ab4c-65d8-46f1-b3e6-184bd33b30fd": "Bald Point State Park", 
        "4abc5e7c-8ae3-4ebd-af73-616cbcd3b189": "Bald Point State Park", 
        "766cfec0-23d1-458b-9993-ec590584f20a": "Big Lagoon State Park", 
        "2c48c435-da4b-48a9-bba3-e427ee3a8ee1": "Big Lagoon State Park", 
        "c2ce67ab-38f4-477d-beec-888f46952ea6": "Big Shoals State Park", 
        "e07e0fff-798b-4733-b334-b3a62c8e7d60": "Big Shoals State Park", 
        "3bb7b8e2-9430-481e-8457-4f7d4f4272e2": "Big Talbot Island State Park", 
        "610cdea6-45e7-41bf-97c2-ea7e8ace21ca": "Big Talbot Island State Park", 
        "6cd93e1c-7140-4c24-8847-89caea38e3e0": "Bill Baggs Cape Florida State Park", 
        "7089dd30-ba29-4650-9da0-c940ddc7401d": "Bill Baggs Cape Florida State Park", 
        "af33f7a7-1376-465c-b3f5-6a0b6da67750": "Blackwater River State Park", 
        "bf50ef21-ff3d-4d8d-8c23-613c4f0d193c": "Blackwater River State Park", 
        "e75901af-ed5d-4705-b087-66c7a46fe386": "Blue Spring State Park", 
        "bbe19836-22b0-42ae-8322-529af14067fd": "Blue Spring State Park", 
        "fcc92ef2-5887-43fb-9f44-8a1ad51edde4": "Bulow Creek State Park", 
        "f31ba962-7678-4dec-bf10-98565fd8b803": "Bulow Creek State Park", 
        "20a79a6c-c5f2-4d3f-b2c2-0a7634ea5f4b": "Bulow Plantation Ruins Historic State Park", 
        "db7155f2-7a10-41ea-badd-0558f932c30d": "Bulow Plantation Ruins Historic State Park", 
        "40cb085a-8448-47bc-95da-4120161f32cc": "Caladesi Island State Park", 
        "5432581b-4e0e-466f-b22c-b74515a9f30e": "Caladesi Island State Park", 
        "d286644d-9cf0-4f5a-ac59-ea541d9d51a5": "Camp Helen State Park", 
        "4b3cde0d-e5e5-4a45-8d90-a9a6d77d11bf": "Camp Helen State Park", 
        "ac035856-d568-4bbd-b851-97d29a05af0a": "Cayo Costa State Park", 
        "48500c39-f611-4f5b-81a4-a1bb42523140": "Cayo Costa State Park", 
        "dfb14c21-6f7c-4986-8931-3871b551e107": "Cedar Key Museum State Park", 
        "ef01ef10-1c23-4e9c-93f6-0a18b50fa0b8": "Cedar Key Museum State Park", 
        "e1d3005c-9df5-439c-aecb-b512e247cdeb": "Cedar Key Scrub State Reserve", 
        "8f9f3bbb-fc0f-42b9-b83a-d06d75371d4a": "Cedar Key Scrub State Reserve", 
        "cd5b69ee-f7ca-42c9-b90b-3e0d6433d112": "Charlotte Harbor Preserve State Park", 
        "a00178f0-7972-474b-8233-04f12ad4065e": "Charlotte Harbor Preserve State Park", 
        "799b578b-b1f9-4f84-9fd3-f9b2bb0250ab": "Collier-Seminole State Park", 
        "5e774510-c6a3-4514-bcc3-c42b41281144": "Collier-Seminole State Park", 
        "f639f79c-90d2-4c80-b03c-e0cae55173a8": "Colt Creek State Park", 
        "b182568d-b622-482e-b73d-e3cb5a790832": "Colt Creek State Park", 
        "2e6b629c-57e0-474b-bd36-02f839aa942c": "Constitution Convention Museum State Park", 
        "0de987f5-d23e-41ac-9192-5b584902b8c5": "Constitution Convention Museum State Park", 
        "f0de6eb5-49fd-4bdb-9867-8351a68ec2d7": "Crystal River Archaeological State Park", 
        "e9f2facb-46e0-4949-a35e-a33672719b19": "Crystal River Archaeological State Park", 
        "bd495ccc-80ad-47d9-a6b7-bf6d602755bd": "Crystal River Preserve State Park", 
        "d4669198-c0a3-4ebc-a305-d2be4ff21da8": "Crystal River Preserve State Park", 
        "4639015f-8b4c-453a-ab71-2323de311fb7": "Curry Hammock State Park", 
        "42c6b9c9-2c6b-4e8e-95fe-ee35f3eeb8b2": "Curry Hammock State Park", 
        "c8db9d61-6243-4c4c-96f0-fdbd264e5ab6": "Dade Battlefield Historic State Park", 
        "39a76f05-9ba6-4fde-9964-e8fe7daea147": "Dade Battlefield Historic State Park", 
        "e27a018f-06d3-40a2-ae33-062c3624e5b6": "Dagny Johnson Key Largo Hammock Botanical State Park", 
        "41d61cd0-99de-4982-a193-e8aff8f319e4": "Dagny Johnson Key Largo Hammock Botanical State Park", 
        "8a5195d3-9aa2-47c2-9247-239c73efdc3a": "De Leon Springs State Park", 
        "f1fc56f8-c77b-4576-8205-be8cad96b051": "De Leon Springs State Park", 
        "36aca98b-a332-4ad7-8d78-04b47fc11cd3": "DeSoto Site Historic State Park", 
        "23a91a06-7b29-4788-8491-f9b31f68b4f0": "DeSoto Site Historic State Park", 
        "04c378e7-2a1f-4c2c-a737-9d478d7410c9": "Deer Lake State Park", 
        "393acac8-aaab-482a-8251-2e2746174801": "Deer Lake State Park", 
        "77282f33-aee8-476f-9373-2a6ff98b9bdf": "Delnor-Wiggins Pass State Park", 
        "83f9b756-472f-4b20-9970-85f916cc7d75": "Delnor-Wiggins Pass State Park", 
        "b3d3a5a1-0399-4547-8fb0-4a681b252ded": "Devil's Millhopper Geological State Park", 
        "cbbf0cb4-73e5-41ef-a2cc-39147fe4bacf": "Devil's Millhopper Geological State Park", 
        "38637b28-9cf4-4f1f-8809-44de6036b8ea": "Don Pedro Island State Park", 
        "c52cbadc-786a-4e33-9f9b-d3b7fe543b70": "Don Pedro Island State Park", 
        "8f13ce72-00ed-46b1-989f-48a3c55b48c4": "Dudley Farm Historic State Park", 
        "9e5e4fda-5810-4be4-9053-8c43b2bd4c51": "Dudley Farm Historic State Park", 
        "d303695a-797b-4a48-945b-a209f9efae79": "Dunns Creek State Park", 
        "9b9e9ff1-1b60-4685-ba13-5a4d56700a0e": "Dunns Creek State Park", 
        "c02c5601-e84b-4fef-a946-fe9ceef07f15": "Econfina River State Park", 
        "a7877b85-ca8a-499a-aedf-e769d43dbba6": "Econfina River State Park", 
        "d4192b21-40d2-4afb-8b80-c0e836e19779": "Eden Gardens State Park", 
        "78d79b4e-6985-4223-a1e4-d028dd461921": "Eden Gardens State Park", 
        "92ba2139-7b6d-43dc-a3ed-ddea424e6e43": "Edward Ball Wakulla Springs State Park", 
        "f253f20c-d3ca-446d-80d5-acee8bdfff01": "Edward Ball Wakulla Springs State Park", 
        "f5b47a8a-6107-4b1a-9537-3c0056e4afa5": "Egmont Key State Park", 
        "26c6c247-0df1-4e15-876a-f9a05a8e0f17": "Egmont Key State Park", 
        "c803a576-998d-4b70-9651-d07463057535": "Estero Bay Preserve State Park", 
        "1f8789f9-c36e-4e7e-bccd-26e1a7aef1ed": "Estero Bay Preserve State Park", 
        "a03a511b-92b9-4e9c-955b-cf976f257bdc": "Fakahatchee Strand Preserve State Park", 
        "f322a25b-21d1-4346-8ef2-adef0600d3b5": "Fakahatchee Strand Preserve State Park", 
        "4a8e0ca8-15bd-4a77-9cc1-3cec5c2eff4c": "Falling Waters State Park", 
        "a0a3ce76-abd1-4676-b9ca-4657014acef3": "Falling Waters State Park", 
        "f324dd2a-cb11-4ef6-aa04-f6e03ac9a35b": "Fanning Springs State Park", 
        "572f68ed-a936-4b38-b858-7615b6f41426": "Fanning Springs State Park", 
        "12438b70-b43b-4ad4-a66e-0ff524854931": "Faver-Dykes State Park", 
        "5c275076-40be-4d9b-a825-6c20dc199039": "Faver-Dykes State Park", 
        "8de401b4-c9d3-428f-b3eb-b3caa0151fbd": "Florida Caverns State Park", 
        "e1c6e43c-896d-4a4a-85ce-fd6974322578": "Florida Caverns State Park", 
        "eac08808-a024-4c47-9519-a790ccd6ff9a": "Forest Capital Museum State Park", 
        "d389d9d9-fae9-4e1e-b636-c9eac27229e1": "Forest Capital Museum State Park", 
        "4ab4d57f-2abe-490f-aed3-f8a4d8c44da1": "Fort Clinch State Park", 
        "70f4a481-56ac-41a9-9430-bc02e8e2f618": "Fort Clinch State Park", 
        "9068ee79-aab5-4a32-8a67-8f7096d37e40": "Fort Cooper State Park", 
        "36a44443-fa23-4cfb-b212-879d998ddd1c": "Fort Cooper State Park", 
        "c8230f54-65f5-4062-9b63-cdf6747bbbfe": "Fort Foster State Historic Site", 
        "026be604-b069-4fe3-84cf-425ddf920567": "Fort Foster State Historic Site", 
        "324c5929-4cf0-4916-87d3-92d99e27c98a": "Fort George Island Cultural State Park", 
        "6a520c05-dec8-4871-b9dc-a93da9e9eba6": "Fort George Island Cultural State Park", 
        "e1729c82-95a8-48e4-8591-dd5c6dca9562": "Fort Mose Historic State Park", 
        "5cd27a6c-9e31-4b3b-8983-48a7034df742": "Fort Mose Historic State Park", 
        "21092a9f-17c0-49d6-bfc2-89aee924d93c": "Fort Pierce Inlet State Park", 
        "6495fe8a-b5e1-45db-b740-348e2a244e0a": "Fort Pierce Inlet State Park", 
        "8ae20de6-9ab9-4869-b1b5-2f827a668bf6": "Fort Zachary Taylor Historic State Park", 
        "cb6eddbb-7f7d-4ea5-b7ae-ecda474b3ff4": "Fort Zachary Taylor Historic State Park", 
        "66245daa-acae-4568-aabd-7ccbf539d319": "Fred Gannon Rocky Bayou State Park", 
        "1856174d-00dd-4f84-9eab-45f5099c98c8": "Fred Gannon Rocky Bayou State Park", 
        "b81a943d-5216-4cba-aa04-ea168ed28be5": "Gainesville-Hawthorne State Trail", 
        "48b93849-99e7-4b3e-b22e-3d1daaa30915": "Gainesville-Hawthorne State Trail", 
        "5232d02a-57ef-4423-9800-0aff0cae664e": "Gamble Plantation Historic State Park", 
        "8c5a07e3-865c-471d-8e54-4e904a0243ac": "Gamble Plantation Historic State Park", 
        "8c5186ea-37d3-45ff-bbff-d8d3e25ab3a2": "Gamble Rogers Memorial State Recreation Area at Flagler Beach", 
        "9df97884-6a4f-4b81-9d0b-d84c6d55ff63": "Gamble Rogers Memorial State Recreation Area at Flagler Beach", 
        "a5748769-7e13-430d-9f90-381eb42c0f4f": "Gasparilla Island State Park", 
        "5d283356-1f7f-4dbc-a95f-6d97aed9c072": "Gasparilla Island State Park", 
        "0731bd77-bf01-4fca-8f2c-f1499369ce26": "George Crady Bridge Fishing Pier", 
        "61358a4c-0bc7-452a-865d-e8adce8dc388": "George Crady Bridge Fishing Pier", 
        "4292be24-8c8d-4d0b-8727-14d94a949b81": "Grayton Beach State Park", 
        "c976dbeb-0ff0-4813-aba9-e4412f3f4d04": "Grayton Beach State Park", 
        "200458d6-abbf-4c11-8ee0-7608e4c08b30": "Henderson Beach State Park", 
        "abf292bf-ed3b-47d2-a9e2-e2ea54491fd7": "Henderson Beach State Park", 
        "2edcd73a-f902-485b-ac13-f9b3d7393dd5": "Highlands Hammock State Park", 
        "67eef3bf-b25a-4903-9f51-9c90a6d81726": "Highlands Hammock State Park", 
        "fbaf78a2-b038-4522-8eb3-22f370f5a9ec": "Hillsborough River State Park", 
        "8ad8c89c-a189-42de-9185-bec68b29437d": "Hillsborough River State Park", 
        "61226c38-8699-4bdb-9418-8ffcecaa579b": "Homosassa Springs Wildlife State Park", 
        "d12c7e74-9a77-4eb2-a663-f3a4a6856901": "Homosassa Springs Wildlife State Park", 
        "e05da88b-d076-4a8c-a0c7-fb789757a647": "Honeymoon Island State Park", 
        "4245d2d1-d453-4cb1-a5ee-29918954db68": "Honeymoon Island State Park", 
        "8a3ec4ed-abcb-4fb7-88dc-64a306781323": "Hontoon Island State Park", 
        "01e6b5f3-0b88-41c9-ac15-49b1322e416a": "Hontoon Island State Park", 
        "20da926c-9c10-45f8-86a0-7f41c0847a8f": "Hugh Taylor Birch State Park", 
        "e5555184-ba81-40f5-8e58-f6f96b1c8fb0": "Hugh Taylor Birch State Park", 
        "3389c0e2-aede-45ee-8fb3-e79afa383a14": "Ichetucknee Springs State Park", 
        "48818fa1-933f-468d-a8ec-f4a9b789234a": "Ichetucknee Springs State Park", 
        "9c25c36c-4063-4989-9cad-054d1470ea61": "Indian Key Historic State Park", 
        "0855ffbe-fc37-40c5-a389-5f40b7ffa88d": "Indian Key Historic State Park", 
        "26e1d564-bd7a-4326-8767-a904f566202c": "John D. MacArthur Beach State Park", 
        "4aa98ce0-e2f6-4f54-8e8f-a0698b548027": "John D. MacArthur Beach State Park", 
        "1c7d4806-9360-44c5-8d0b-5d3f93bc9af8": "John Gorrie Museum State Park", 
        "ec233c2b-6bb1-4f55-8eac-9f3f3dc5e021": "John Gorrie Museum State Park", 
        "8c3441a1-ecbb-4419-ad42-13f4a9fbdcf1": "John Pennekamp Coral Reef State Park", 
        "dc27c1ff-db09-415a-9686-fbcdfd879437": "John Pennekamp Coral Reef State Park", 
        "22a722f5-b2c8-44d2-8906-db2fc7577383": "John U. Lloyd Beach State Park", 
        "5e48619d-726a-4844-aa13-de7e56ead2df": "John U. Lloyd Beach State Park", 
        "0b042bba-d42d-42eb-ac12-5cc3beec7255": "Jonathan Dickinson State Park", 
        "6faed6df-adb4-4f4c-bb15-0cec69419ff6": "Jonathan Dickinson State Park", 
        "03e79afa-6101-4bb5-8108-25d09e08d957": "Kissimmee Prairie Preserve State Park", 
        "da92da23-96e7-4a18-8d80-510984711d93": "Kissimmee Prairie Preserve State Park", 
        "37924afd-a5c4-4868-bdf5-2b59d0443fbd": "Koreshan State Historic Site", 
        "cf417dc8-ab69-4d1b-82e1-4c34fa44e601": "Koreshan State Historic Site", 
        "840b8eb1-5018-45ce-a914-68cf5f16a8e4": "Lafayette Blue Springs State Park", 
        "e11e4e9b-72ef-431a-89dd-7cd5090a643b": "Lafayette Blue Springs State Park", 
        "346d3a5f-affe-4b6f-a690-60857ad75451": "Lake Griffin State Park", 
        "63c0259a-aaa0-475e-aa82-aaa71c2ad094": "Lake Griffin State Park", 
        "4af5f14f-828d-4208-84b7-5bf4dc6bfcd6": "Lake Jackson Mounds Archaeological State Park", 
        "197f6e1b-c0d8-4743-af95-db2e8df43e18": "Lake Jackson Mounds Archaeological State Park", 
        "595d8bca-ae46-4ebb-a25c-369d7e360776": "Lake June in Winter Scrub State Park", 
        "883fb94e-54e8-48fc-b5cd-40df4443b668": "Lake June in Winter Scrub State Park", 
        "144b5380-2852-4dc0-9a64-f0791422f8f7": "Lake Kissimmee State Park", 
        "27ff5a07-05d8-428a-8f29-6e4412b53647": "Lake Kissimmee State Park", 
        "5936fa17-bf4a-4d9c-9953-9a4a8a81b002": "Lake Louisa State Park", 
        "f075a624-ab07-4655-97af-e7b9bfd9385d": "Lake Louisa State Park", 
        "561e09ec-b686-44e3-8cf9-1ff518e41d00": "Lake Manatee State Park", 
        "52b9abb5-1b36-4d11-9e8a-b5af736fb62b": "Lake Manatee State Park", 
        "08ed1cca-ef00-4c48-be8f-cc1fbe6cbc94": "Lake Talquin State Park", 
        "330717d9-861a-46ad-b278-baf157084120": "Lake Talquin State Park", 
        "c026508a-40a5-47b3-b48a-a49e943fe27d": "Letchworth-Love Mounds Archaeological State Park", 
        "1e8bcc12-4cf8-4a70-980c-5370becf6f8c": "Letchworth-Love Mounds Archaeological State Park", 
        "13788bbc-1452-4a1a-8d02-82cb8a137d3f": "Lignumvitae Key Botanical State Park", 
        "b90ff0df-b9f4-47b0-909f-b5ce0cbb8df4": "Lignumvitae Key Botanical State Park", 
        "ed58b249-c901-41f9-b16d-689bf6613029": "Little Manatee River State Park", 
        "b2390072-c646-463f-8563-1cac64331db3": "Little Manatee River State Park", 
        "56175666-df54-4a41-b819-eebdb5f2a8f7": "Little Talbot Island State Park", 
        "8cd9d36c-5438-405d-8666-2e116d1e54b0": "Little Talbot Island State Park", 
        "ebf7f9cc-5029-4d3f-a89d-5fe62f8993a2": "Long Key State Park", 
        "d2821bd9-7cf0-4083-a26f-47317f66bac3": "Long Key State Park", 
        "b4a9a7d4-db63-4a31-b823-7a1f9f705124": "Lovers Key State Park", 
        "7a79f314-b8f4-4a8c-9982-0bb5db7db80e": "Lovers Key State Park", 
        "9696bcd2-0ce5-4c2d-9991-c92be7208e0b": "Lower Wekiva River Preserve State Park", 
        "8ced7fb1-1c64-4112-8e10-fe517963933b": "Lower Wekiva River Preserve State Park", 
        "9d202bfc-d0e6-4cb1-a2f8-3d6a37449404": "Madira Bickel Mound State Archaeological Site", 
        "c5c38361-0168-44e5-8b68-7c15e10c940e": "Madira Bickel Mound State Archaeological Site", 
        "c245a55b-040a-4014-8119-8f0971559095": "Madison Blue Spring State Park", 
        "bcffc726-6d3f-427f-99b2-e4e0ed9e83bf": "Madison Blue Spring State Park", 
        "ba40e14a-5b07-4d4c-a6d9-8691d94c5f03": "Manatee Springs State Park", 
        "95683fe8-bf9e-4940-8b3b-b261c4ac7765": "Manatee Springs State Park", 
        "9e131d11-8619-4288-a1fd-bb33fa2c41b4": "Marjorie Kinnan Rawlings Historic State Park", 
        "7c2f782d-c5c7-4bde-8226-3c9619510cda": "Marjorie Kinnan Rawlings Historic State Park", 
        "b41695d8-f988-4aa2-86a2-c83ec09dc7ff": "Mike Roess Gold Head Branch State Park", 
        "3d3e8251-b149-48b0-a7a5-2f9331d8a448": "Mike Roess Gold Head Branch State Park", 
        "4afcbfdc-4653-416f-b159-b7136be74702": "Mound Key Archaeological State Park", 
        "4ea2f65b-4ebd-4700-8669-d6c5abd005d3": "Mound Key Archaeological State Park", 
        "c09b5862-e9b4-4252-b770-a72f16176110": "Myakka River State Park", 
        "9c893937-bd72-4f11-8af8-666118029d1d": "Myakka River State Park", 
        "f56aee31-2c7f-4dff-9a41-79a1f6f7c2cb": "Natural Bridge Battlefield Historic State Park", 
        "5c41acb4-179b-4e73-8fbc-ac00db9c83d1": "Natural Bridge Battlefield Historic State Park", 
        "9edbf2c6-74b6-4b27-9f04-0461741b66ad": "North Peninsula State Park", 
        "37e343b5-6774-4755-b144-2995b9591ee0": "North Peninsula State Park", 
        "5a31b2eb-7cd1-4ac2-9ab8-473f8b5eb196": "O'Leno State Park", 
        "808a4a8a-7962-414e-99b0-a9a1a297b059": "O'Leno State Park", 
        "46b9f365-17f1-43ff-a11d-271a0d815472": "Ochlockonee River State Park", 
        "cea6c13a-1154-40aa-8775-d3ff128fa076": "Ochlockonee River State Park", 
        "4692c597-83a0-421b-ae3d-24e181e13012": "Okeechobee Battlefield State Park", 
        "619c98f2-8e45-4b4e-9006-228939615e40": "Okeechobee Battlefield State Park", 
        "35b8b89f-947c-4395-a5c3-ecd11e8f8aea": "Oleta River State Park", 
        "7d8d9e02-5960-4876-8726-3307c89cc32f": "Oleta River State Park", 
        "9d8242bc-ec57-4e95-9673-02f1f2da5efb": "Olustee Battlefield Historic State Park", 
        "d448e7ec-79a6-4e9f-bd07-651143a67ec9": "Olustee Battlefield Historic State Park", 
        "28c7e22e-4aaa-49e9-b62b-0996f3abeb7d": "Orman House Historic State Park", 
        "87eec853-fb50-4236-9e51-5eba02258035": "Orman House Historic State Park", 
        "46c8db35-7849-4b8c-98e8-e7d9317f10ee": "Oscar Scherer State Park", 
        "1a762ccf-4c6d-43fa-ae88-8fd5e3d8f371": "Oscar Scherer State Park", 
        "4ba7e5cb-8cb3-4fda-85c3-300eae8f18ff": "Paynes Creek Historic State Park", 
        "e1510a75-2d54-4bc3-a6e4-98a94c92531d": "Paynes Creek Historic State Park", 
        "a357e776-3356-42c9-aada-a31b131689ce": "Paynes Prairie Preserve State Park", 
        "d3c05abb-b1f1-416a-ae4b-8525cde2f7c6": "Paynes Prairie Preserve State Park", 
        "8334c67e-87d7-4519-b485-00fd231b14b3": "Perdido Key State Park", 
        "8aacc538-1256-4438-9ef1-62e3f63b3aa6": "Perdido Key State Park", 
        "b3aefffe-bf52-4c48-9433-ac58205ceb87": "Ponce de Leon Springs State Park", 
        "735332be-8399-4776-be48-4f3fd0802828": "Ponce de Leon Springs State Park", 
        "6223e8ec-0aaa-4948-afb1-1bf60190d949": "Pumpkin Hill Creek Preserve State Park", 
        "92fb60ea-7a8d-4e01-ac8e-4e11eb8b1b69": "Pumpkin Hill Creek Preserve State Park", 
        "55a7f3fa-1ccf-475e-bd94-49e1ecb47369": "Rainbow Springs State Park", 
        "e36bd634-cb77-412c-b009-b1f184ca93ca": "Rainbow Springs State Park", 
        "84445b54-d36c-4b1b-bc14-978db104a1ce": "Ravine Gardens State Park", 
        "efa71e5e-1459-4b26-803f-2e5b0306ae10": "Ravine Gardens State Park", 
        "780bb9ad-34f4-4fcd-ac28-b2d33170fd46": "River Rise Preserve State Park", 
        "6f7725c9-eed6-41ae-aff3-4e6111ffb30f": "River Rise Preserve State Park", 
        "3c0bb7fe-e984-486a-be1c-3c9a1aedd2a6": "Rock Springs Run State Reserve", 
        "957f20d6-b8cc-433a-96fe-b73e520eb378": "Rock Springs Run State Reserve", 
        "9689a5ae-b9a2-46e4-816c-3a742bf9089d": "San Felasco Hammock Preserve State Park", 
        "a56da221-8e73-4962-87ed-f288e8cafce7": "San Felasco Hammock Preserve State Park", 
        "1034f14d-6644-4e9f-b25c-e9a473868041": "San Marcos de Apalache Historic State Park", 
        "c333614d-b127-4178-bfd4-701dd80068b4": "San Marcos de Apalache Historic State Park", 
        "550c7ecc-49d9-4b41-b5d6-859b5e862b89": "San Pedro Underwater Archaeological Preserve State Park", 
        "32bf56b1-93f2-4edd-ba1e-8c3eab47b1f5": "San Pedro Underwater Archaeological Preserve State Park", 
        "ab97a293-6dc8-4578-a498-05545cf761ab": "Savannas Preserve State Park", 
        "ca6a89ce-45b9-4575-96e7-56929d83b13f": "Savannas Preserve State Park", 
        "5f02ae6d-4c7c-4c18-97a8-bdf9760e2923": "Seabranch Preserve State Park", 
        "8bf03832-705a-4311-bbdd-318233354350": "Seabranch Preserve State Park", 
        "ef8ba09f-7450-45c3-8057-f8c87e960675": "Sebastian Inlet State Park", 
        "8bc9b2bb-de40-45d9-a35a-a1967ae031b4": "Sebastian Inlet State Park", 
        "a39fa4fb-85ee-425b-b32c-ff68b5906891": "Silver Springs State Park", 
        "a49a3a3b-ea36-4983-a83f-e67c9824038f": "Silver Springs State Park", 
        "1abee174-99d8-4fa1-bb28-bfa846d80ccf": "Skyway Fishing Pier State Park", 
        "a2e7746c-1eb9-4e0b-9026-d5c58ca57992": "Skyway Fishing Pier State Park", 
        "586a7d7e-f528-41a3-b1b6-c9ed7919a1b3": "St. Andrews State Park", 
        "bcc3e71f-249a-40a4-9ca6-afc368b4979f": "St. Andrews State Park", 
        "36377a3e-3845-4fdd-a725-7fa6ec1610fb": "St. George Island State Park", 
        "e2c3fbad-de9e-4a00-857f-3995d4d3d72c": "St. George Island State Park", 
        "f2c80d1b-e7e2-4d28-a6ff-ec7de141aef6": "St. Lucie Inlet Preserve State Park", 
        "7455060d-9c09-4d53-8f33-8ef079a11ff9": "St. Lucie Inlet Preserve State Park", 
        "1e42d14b-2b7a-4be8-a24f-6ea908fb96b9": "St. Marks River Preserve State Park", 
        "7e72983a-439a-4aa7-ad66-aa6fc7059808": "St. Marks River Preserve State Park", 
        "eff78337-445c-4b75-8cc6-93ad952bf5a3": "St. Sebastian River Preserve State Park", 
        "303abba8-735f-49a6-bcf7-28be043dc7aa": "St. Sebastian River Preserve State Park", 
        "a32773d5-adc1-491b-8b76-b0ac1e9cb2f8": "Stephen Foster Folk Culture Center State Park", 
        "d360d119-48cf-4978-8987-02a3439574ff": "Stephen Foster Folk Culture Center State Park", 
        "ee9b9819-3aff-4678-8200-56d31339cdae": "Stump Pass Beach State Park", 
        "4760afde-3915-41e6-ac69-0dbf6ffd582a": "Stump Pass Beach State Park", 
        "6cdc7ed5-2150-4c43-ba77-f49c835bfbeb": "Suwannee River State Park", 
        "e2c71a97-28ff-4a9f-92ae-7a53b0ed98a4": "Suwannee River State Park", 
        "13944b2b-82c4-458e-8721-950c9d562a7c": "T.H. Stone Memorial St. Joseph Peninsula State Park", 
        "0a89aa2b-62b6-46ea-a1a2-2e0e7326115c": "T.H. Stone Memorial St. Joseph Peninsula State Park", 
        "d20c2a99-1824-4398-96f2-a82df532ea98": "Tarkiln Bayou Preserve State Park", 
        "7b2c7658-7e4c-4c0b-8f15-c13cb6e408b3": "Tarkiln Bayou Preserve State Park", 
        "b30f3761-7922-4ac5-bf49-481aa4082741": "Terra Ceia Preserve State Park", 
        "fdb19a58-d15e-4ade-b72d-048a2e6c1dbf": "Terra Ceia Preserve State Park", 
        "6549f75c-1a04-4e18-8d6e-023699112a49": "The Barnacle Historic State Park", 
        "7101e8c3-f50e-4fec-a809-6491cd954b6b": "The Barnacle Historic State Park", 
        "05608925-587f-4b72-a93d-b269d50b30fc": "Three Rivers State Park", 
        "bbac5df2-3942-48b4-9538-0bb4fd40e4f0": "Three Rivers State Park", 
        "05e928a6-454f-431c-a27e-c7e208d1bfdb": "Tomoka State Park", 
        "7e373f9d-73a9-49f8-af3c-601c2dd60c5e": "Tomoka State Park", 
        "ad4295f1-cee9-45c0-bc2d-7a205a265fd9": "Topsail Hill Preserve State Park", 
        "c752723b-287c-4994-9466-ada3fe3ebebd": "Topsail Hill Preserve State Park", 
        "261c924d-4a55-4ed2-bffc-4709b6998fcc": "Torreya State Park", 
        "4de1d30d-ab6b-4419-b8d7-825b458e03ad": "Torreya State Park", 
        "260c1a01-a69f-4c8a-b522-d70fb1eeb7ac": "Troy Springs State Park", 
        "f733c4e3-d412-4370-a625-0a21e5edb5f3": "Troy Springs State Park", 
        "59688ba6-b37a-418a-81e6-85407077bc1e": "Waccasassa Bay Preserve State Park", 
        "a3db81d4-1887-490c-aced-d94c1ec65c78": "Waccasassa Bay Preserve State Park", 
        "1a48208e-988a-47bd-b386-789282d3de9d": "Washington Oaks Gardens State Park", 
        "75dc825d-6c31-4c49-861a-677b1021409c": "Washington Oaks Gardens State Park", 
        "4f71c6b7-5e08-4545-a238-c46997e15c62": "Weeki Wachee Springs", 
        "ae66d0f3-8a74-41d6-b1df-1c026f72b34f": "Weeki Wachee Springs", 
        "f4b01242-faad-4f3b-aac0-f21d5ced1bc9": "Wekiwa Springs State Park", 
        "80604a3b-a481-4db1-b96d-d9de5c9312c4": "Wekiwa Springs State Park", 
        "1643f6dd-c468-452b-9903-9957e1b9602c": "Werner-Boyce Salt Springs State Park", 
        "88cae9f6-5210-4def-8ed9-e78ceed2ca8a": "Werner-Boyce Salt Springs State Park", 
        "ebf78d4c-b926-417d-a0b8-2b598077e5dc": "Wes Skiles Peacock Springs State Park", 
        "4ecf2dbb-2d2b-48cc-9ed1-dda6ac60b6b2": "Wes Skiles Peacock Springs State Park", 
        "ed6306de-9adc-45ca-ba12-319d9cae5645": "Windley Key Fossil Reef Geological State Park", 
        "6d03a486-6069-43bc-bf68-b1e2d4bacb79": "Windley Key Fossil Reef Geological State Park", 
        "0ea9c678-02cb-49b9-8614-c51e07aa488a": "Ybor City Museum State Park", 
        "d1d25baf-4df1-426c-a0d3-a6a901f2e192": "Ybor City Museum State Park", 
        "8be02e62-c958-4904-b75e-9e4840b5b04f": "Yellow Bluff Fort Historic State Park", 
        "6f5b0986-c536-4a5a-a8bc-112f3836a629": "Yellow Bluff Fort Historic State Park", 
        "86c9af4f-b0a0-4537-bd91-4a7dc616770c": "Yellow River Marsh Preserve State Park", 
        "ec8d4492-a3d5-4714-89c3-aaa34bc6284e": "Yellow River Marsh Preserve State Park", 
        "a7aeaffc-a061-49bc-a928-1f69002ffe05": "Yulee Sugar Mill Ruins Historic State Park", 
        "8f691f14-2c2d-4e01-ad60-4a4609e256a8": "Yulee Sugar Mill Ruins Historic State Park"
    }, 
    "Ownership": {
        "225a0735-339c-464c-bcf4-27f33231ad29": "City", 
        "e88bb68e-f4c2-49fd-a5bf-67101831b5f0": "County", 
        "7c19dbe6-4d83-4f14-be4b-a4d063fe642d": "Federal", 
        "8dac0cb7-3ce4-4c45-bf85-e616b668e418": "Foreign", 
        "5462101e-6628-47cc-aab0-aa909f8bcca9": "Local government", 
        "565356ac-ca4c-45b9-a88b-ad7f6cc30abc": "Multiple categories of ownership", 
        "1227251a-df43-47cc-8d14-3a841b5d1958": "Native American", 
        "4210de35-48e7-4fa7-bd39-2f1e8bf25511": "Other", 
        "c357d747-593c-4d02-b338-231b68cb03d8": "Private-corporate-for profit", 
        "af967411-7adc-45ea-b827-99d839a4acc1": "Private-corporate-nonprofit", 
        "3614989f-a3cc-407d-91ae-824c938c51d7": "Private-individual", 
        "d1396e2e-ee42-4f36-b5f6-6cb62069816d": "Private-unspecified", 
        "c4c527a6-9a5b-4354-95f7-35cc4e2fe305": "Public-unspecified", 
        "6660d20e-3e5f-41b3-8bd9-27e922eae9d7": "State", 
        "b6ca9bc4-37bb-4b66-8325-75b681b9dffe": "Unknown", 
        "c34d30b3-bf7a-4f94-aecc-66981469f84d": "Unspecified by surveyor"
    }, 
    "Recommendation": {
        "e9ac2274-59b8-4ece-abce-86fbd5b85d8d": "Amelia Island State Park", 
        "94a137ed-c095-4524-aa53-8c8a80201384": "Defense", 
        "37cb7f04-0fc1-4a44-99cd-d92a4e0e8279": "Defense", 
        "af7c4fe7-17b9-4a7e-b907-b3b17da28686": "FMSF update", 
        "912c0240-315f-4d3a-97ec-b7165df65c75": "FMSF update", 
        "ec117164-6b48-46ee-bf99-22527483e410": "Other", 
        "d31ef577-0237-4264-bce8-d48427cb9d1a": "Other", 
        "dcc6f2ed-5c22-4ce3-910d-326ab6512d17": "Repeat visit"
    }, 
    "Overall Site Condition": {
        "ffa0e640-c1e5-40b5-a470-aae0be8de30e": "Fair = Declining", 
        "047b046f-b1b5-4927-bde2-061968abb04a": "Fair = Declining", 
        "a2edd5a6-7ea7-4b32-afcd-b9cca57e966d": "Good = Stable", 
        "03dd76b1-e6c0-48a2-a03f-a96f29c35742": "Good = Stable", 
        "c1d3781d-5786-4f10-b85b-200c5203f389": "Poor = Unstable", 
        "ab601392-98c6-40a9-ae6d-a71e4bba0027": "Poor = Unstable"
    }, 
    "Exterior Fabric": {
        "2dffba08-b29d-48db-80de-2b28909610c6": "Aluminum", 
        "ca41e4d5-8969-44da-b44e-1c416380bb0e": "Artificial masonry veneer", 
        "55adcc9c-e649-42fe-a3cf-ce06fd44f5ca": "Asbestos shingles or siding", 
        "4f666925-3cd7-4568-8964-bd038a2e7279": "BEC ceiling board", 
        "7466ab5e-1302-4fa9-a3d8-3e54a9cc3aa6": "Board and batten", 
        "dddd6c60-6d8e-4319-9e18-1cbc7f80083b": "Brick", 
        "22e09ecc-84d0-494a-9b7b-8149cfe8d78e": "Cast iron", 
        "6c49956b-3e8c-4245-a355-5eed4d64ddd8": "Composition Board", 
        "e0a0c8e3-b4c9-4dc3-9974-990790e89192": "Concrete", 
        "7cea1229-0b3a-47c7-88a1-e8a6f8f86255": "Concrete block", 
        "2f6afc13-353f-4d9a-b59a-bbf0880dc922": "Concrete block-mold", 
        "578afc0d-68a3-4306-8d81-b1020317e217": "Concrete-poured", 
        "59c882e0-c276-451c-bdc7-516b0cab8f30": "Concrete-pre-cast", 
        "80bf57ab-aa2e-4f91-9c55-de232753e0a3": "Coquina block", 
        "184659fa-1ada-4951-9329-28218b64a259": "Drop siding", 
        "b792537b-fbbd-4704-b6e6-d2189d2236ef": "Fiberglass", 
        "b21b30c3-2472-40d9-a361-82ae08c0101b": "Flush wood siding", 
        "7d444c31-6dd9-4b6a-a244-ed0e10eb192a": "Glass block", 
        "39f0d99c-9fb7-48e4-b128-dada07a61bf1": "Glazed masonry", 
        "de0e4f5e-50ba-4f74-ad6b-15055ee63486": "Hewn log", 
        "264a41c6-1dd3-47c7-af6c-4baf9e969847": "Horizontal plank", 
        "9c53fac3-6422-4a5a-9d27-0a971ff4e8ac": "Log, not further specified", 
        "4766faf3-3785-4eeb-a5a5-d3955ea50a38": "Metal", 
        "94114f8b-b699-405e-b67d-cab2827c9c05": "Mineral fiber cement", 
        "dbe21834-f802-494a-9a67-df8091aa773b": "NULL VALUE", 
        "d413d399-3eb1-4eef-b0a8-b6b19d783bfa": "Narrow routed siding", 
        "842aa931-357e-494b-99b0-40b8757b3a31": "Not applicable", 
        "2db42b61-80e5-4e49-8d7e-921d754afd24": "Not specified by surveyor", 
        "7bad65fd-ed27-42ed-870c-6916f2ae586e": "Other", 
        "2558523c-16e5-4c11-9b09-029ac7e52f3c": "Pebble dash / Artbrick, artstone", 
        "3cf72d0c-6049-4c86-a313-27beafb6fcae": "Pigmented structural glass", 
        "1d583821-5a87-4df7-a09c-d08a677442d3": "Plastic", 
        "9aca8fbd-450b-4474-a645-0a20340f4097": "Poured tabby", 
        "e0e3c8c8-492f-4777-87a4-d2a2fd3b53ef": "Pressed metal", 
        "5ed55562-96c0-41bb-8b54-baf65af0db23": "Rolled asphalt/Composition Roll", 
        "8c6d6dd6-46e0-47b4-9eaa-6c2e52bc5a91": "Round log", 
        "ec6eaaa0-ccf8-4f39-b5a5-41286246e3f7": "Shingles, asphalt (or unspecified)", 
        "60a787dc-6213-4494-a32f-33957490f761": "Shiplap", 
        "ba7a65bd-215c-4f72-a36f-866c52dcc0e8": "Slate shingles", 
        "8ff934a2-9d34-4b27-aa09-d9227d83ee77": "Split log", 
        "44834c37-cc40-4179-8250-7f785a949200": "Steel", 
        "1870a76f-1fe7-481d-9934-2b924d2ec0c0": "Stone", 
        "3ff5ffd6-2f55-4fc6-91f8-205fa787e224": "Stucco", 
        "c689cabd-df3d-4a0f-8e60-187b73f2fbae": "Tabby brick", 
        "008a2f85-775d-4eee-b3a2-ecd0e132ea0a": "Tar paper", 
        "72f45721-3a49-4e53-a467-02eb5072babd": "Terra cotta", 
        "a94b7a8c-100e-4a7f-9d4a-e62c311a5a4a": "Unknown", 
        "4d6b2b82-16b5-4ce1-a2ec-bf34283c7a78": "Vertical plank", 
        "0b7728d8-8544-424d-94b7-60f9f93e1e34": "Vinyl", 
        "d1b515f1-8cf9-4863-b388-064e5b5983a8": "Weatherboard, Clapboard", 
        "182efc64-e09e-4819-9bd8-6c2b9a8d1b9c": "Window wall", 
        "0840bbd5-c30e-4d43-ac17-f0b3aae30e16": "Wood shingles", 
        "27db7445-73d2-4bb6-97c4-f0d24b36dee4": "Wood siding", 
        "fb30afae-e8d3-4d45-8858-198ace032437": "Wood/plywood"
    }, 
    "Surveyor Evaluation": {
        "bf52abf6-2d87-4f63-aa08-85263e2f20da": "Eligible for NRHP", 
        "1cab7d2e-ad43-4ae8-8b07-f4c8739b5599": "Ineligible for NRHP", 
        "67f1cc16-89c3-40c8-bdca-c9ebd962fa5b": "Insufficient Information", 
        "8ded7f38-518a-49a5-a408-c87aae6d65f6": "Likely NRHP Eligible", 
        "71377cfe-579d-46ad-adee-1787791727b2": "More Work Recommended", 
        "3e4f4741-ef2e-4127-beeb-7c39563795bf": "No Further Work Recommended", 
        "0011a1ef-ab66-48a8-8fdb-8fe99a662a66": "Not Evaluated by Recorder", 
        "76cb4ab8-f2ad-49fc-afda-b8e70ae50399": "Preservation Not Recommended", 
        "131c229c-65c9-48de-b8d2-8b23b26b41da": "Preservation Recommended"
    }, 
    "Structure Use": {
        "0a63480d-e66e-46bf-8dad-5a310cbb1505": "Abandoned or vacant", 
        "31f62cb9-6a11-420e-a5cd-cbb220b74efb": "Agricultural", 
        "978f8195-94f5-4c72-8989-c02b2b8b153a": "Airport", 
        "e4b7f18f-78f6-49cc-9db6-55bb959e2d9e": "Animal shelter", 
        "b4f7c9d1-89cb-4f05-921e-98c8dba993af": "Apartment", 
        "9ad149c3-153c-4d0f-a044-569244c5445f": "Armory", 
        "64b2a9f1-efab-4eda-b8ce-ffb204d9e68f": "Automobile dealership", 
        "1d004154-5e0d-4757-b967-865cf8ae4173": "Bakery shop", 
        "84653155-c41b-44ce-8d9e-448876513f52": "Band shell", 
        "bc642fcc-13b7-4fef-a348-05710d108b94": "Bank", 
        "3873065f-0c9a-4c48-80f0-f7b7a25bde8d": "Bar", 
        "de36259a-a638-4857-837c-37d7f526a58a": "Barber/Beauty shop", 
        "4032e630-3c45-4dda-9f60-e710c2880b92": "Barn", 
        "62ee175b-21f3-49b8-8a82-1811a8c23e80": "Bed & Breakfast", 
        "675a6bbe-3fab-4fdb-b89d-da0fe44042f3": "Boardinghouse", 
        "cc1902be-7d75-43e0-aa2d-1bdafa0016c7": "Boat ramp", 
        "11dd0b10-5013-4820-aca2-453542b290a8": "Boat slip", 
        "1d1cf9f7-765c-4e63-9ea0-ce0d47dcc3a9": "Boathouse", 
        "73e7e5e6-18f8-48a8-ab53-a96fa7e04a22": "Boatworks, repairs and service", 
        "af43a929-3dda-4e34-9c68-a975decc44ef": "Bridge", 
        "7476ee85-7100-4491-8180-1bb91ae27ddb": "Cemetery", 
        "cab9127c-f915-4b79-931b-7e2aa6a1cf19": "Charnel house", 
        "78a49757-7519-4f2d-b138-5ca4476bdc44": "Child care", 
        "2d2fa9ef-7ab7-4248-a829-a6d492dec2d4": "Church/Cemetery complex", 
        "0af61260-c5e3-41d2-98a1-ceae003235d4": "City hall", 
        "455c1fa1-a3eb-4fec-b434-f566afad6568": "Civic center", 
        "b2680c75-3921-440d-9893-3f585f00a2b5": "Commercial", 
        "9990e67f-2445-4931-b638-e599d2660434": "Commercial and apartments", 
        "e430911b-8c8c-4370-9845-c412004f85f7": "Commercial and residence", 
        "21848908-d06f-4b1e-844d-63c5b9dcfac7": "Communications-related", 
        "3bd8a4c5-83c8-46a7-ad55-9e2eb18c94b8": "Community center (e.g., recreation hall)", 
        "e9c693b7-d6ad-4981-937f-abfbb090bde9": "Control tower for air traffic", 
        "04ea0dd9-072e-441a-ae91-89257f473e9a": "Convent, Monastery", 
        "f1a9c1d3-c792-4ec4-9d13-64675c00fc3c": "Courthouse", 
        "6bf277f3-73de-4c3b-b5da-5f37520c68ad": "Dairy", 
        "2a93ec99-90dc-415f-b692-b4c07a1382dc": "Dam", 
        "0637cd5b-edf1-4624-9e9f-a0ea7ab39524": "Department store", 
        "02cecab4-f806-4727-b6da-8bb818f9339a": "Destroyed", 
        "f141f23b-b4ed-499b-a864-50d91c375570": "Dining hall", 
        "999a259d-a87d-4418-84cf-bc5e34531c77": "Dining hall or Cafeteria, not retail", 
        "0cc2fc69-6a4b-44bc-855e-605855fa70c9": "Duplex", 
        "f63e1e16-b5d0-4f34-a611-343bd7b49440": "Education related", 
        "d1e6d6f9-3849-4a3b-b61c-86c1b1e40870": "Entertainment", 
        "0f0dc475-c7bf-458b-9ca2-3c725b3da4d1": "Farm", 
        "51f93696-fdab-4e63-b7a1-31564e559c99": "Firehouse", 
        "800e589e-8230-40a6-a7e3-c6012c046cf3": "Fish house", 
        "0aa9649c-07ed-46d5-95a8-bcd1baf6bc59": "Fitness center or spa", 
        "c44f6104-8b8f-425a-93fd-f6f3b4846cbf": "Fortification", 
        "3838b063-c6fd-49a6-b2b5-eb24e53640af": "Funeral home", 
        "34fa226c-7a02-4cb4-bd3c-851352f7094d": "Garage", 
        "9bccacf2-4fe2-45aa-865a-625a52c014f2": "Garage apartment", 
        "20183acd-0ada-4913-9f5e-dfc6c0778abf": "Gateway/gatehouse/arched entryway", 
        "27aedcb6-4e88-48e7-9d83-2b7f9214215e": "Gazebo", 
        "7d451d17-48e7-4e3b-ae46-d10fafa76b11": "Golf course", 
        "a9061ad0-ca33-497e-98d0-614f4b6ff8a4": "Governmental Offices", 
        "a6400b93-ceba-4796-b3a0-f645110f8005": "Greenhouse", 
        "3619b258-6896-4bec-a87c-2a245c8721a9": "Grocery store", 
        "69c18ffb-c9d3-46ee-b79a-8b54d51b6074": "Hall", 
        "1f78c1a4-2e2b-42ee-a512-e7b13057f2fc": "Hangar", 
        "d13f01ba-0a6e-499a-b01b-188348267997": "Hardware store", 
        "c1f1e711-7fe8-493f-8052-1424a1e1bd50": "Health center", 
        "6eb25153-7d8f-49cc-9e7f-44336a976e8d": "Hospital", 
        "3866bf08-5066-468a-939a-21e27726386f": "Hotel, Motel, Inn", 
        "31ee22f8-3940-45ae-8440-f6a3d5328542": "House of prostitution", 
        "cb31e96f-bd5e-4421-b1df-fe6de8f38f05": "House of worship", 
        "629c2c87-6761-4c2d-9246-e0befbae3197": "Icehouse", 
        "84b56ddc-a3a9-402a-8894-73092d8d7fbd": "Industrial plant", 
        "cd936870-dc19-4f9f-8661-abc6d765224b": "Kitchen", 
        "41604132-8afa-4c20-a1dd-4ccbde7eadc8": "Laboratory--research", 
        "237f0511-4d12-42e0-83df-a0ec72523702": "Launch pad", 
        "a33d5d24-c0c5-45a0-8379-547791d52c91": "Laundry", 
        "8c78ad1f-cea8-464f-8b70-4311470a7ff8": "Library", 
        "59d123a3-b2d8-42a2-a54e-4089b605d43c": "Lighthouse", 
        "cd206c5c-43e0-4410-947c-227cda634e50": "Lock structure-canal", 
        "89f3a455-8a5d-4712-83fa-979ff6ac1178": "Lodge (club) building", 
        "0d7dd3ca-da41-4992-8210-e453fd2cbdf7": "Market structure", 
        "88452165-880a-4241-b2a4-a42147a81e8f": "Mausoleum", 
        "bbcfd688-8706-479c-829f-5ea871f8a8f7": "Medical", 
        "22ea6ea3-d4b9-4232-9a4d-73ad6592eae1": "Meetinghouse (religious)", 
        "693d950a-910b-4a6b-8d1a-9f303584bf7b": "Migrant housing", 
        "27bebfcd-589d-4361-9cd3-9e751edc2afb": "Military", 
        "28f47aee-1d13-437a-a1b0-eb111dd36da9": "Mill", 
        "2db70cc6-4971-4f81-8ed6-d734b42afe10": "Mobile Home/Trailer Home", 
        "37e4910f-d26b-474c-afcf-674e7b50e713": "Monument, Marker, Statue", 
        "fca0b4c0-a5fd-4837-9935-772081721062": "Moonshine Still", 
        "889b3cc4-70a7-4f20-a3bb-f3d5ba8a2354": "Multiple important uses, as for a distri", 
        "f060c93f-74a1-4fb4-90c0-16496e68bb15": "Museum/art gallery/planetarium", 
        "bd6e3249-dfe7-4741-8eeb-7daaae8df8c4": "NULL VALUE", 
        "336b2793-9833-4d99-8ee6-8156fb485e64": "Not applicable(district or thematic grou", 
        "fe11f5fd-e9a0-4db7-b526-2df6d9f3f56e": "Nursing home", 
        "92b3a465-472e-4367-b0fe-87e29221eec4": "Office", 
        "15553559-c070-4ae1-b6c4-91e7a1244bcb": "Office building", 
        "e77882d3-e312-48f3-8d76-cd34994d4cfa": "Orphanage", 
        "2aa3ba5e-cd1c-4282-b68e-20b3eb73b2b4": "Other", 
        "317da736-0a68-48c5-acb6-64de5aa6e375": "Outbuilding", 
        "faccda18-e24c-43e3-8bc7-0bb273d871f2": "Outhouse", 
        "0e43a766-431e-4f3b-b06e-459c052d725b": "Park", 
        "c2e2b682-a72b-4ab9-ad35-2f97737a2c0c": "Pavilion", 
        "fd591a32-541e-454e-bd29-ea0899e8bfe1": "Pharmacy", 
        "cb9fad12-28f4-4993-8893-107233dee20b": "Pier", 
        "1e669768-ca35-4bd7-a424-abf9862573ea": "Plantation", 
        "43f15e4e-d813-43de-ae52-964759738515": "Plaza or square", 
        "f510bcf7-85b9-4c1c-bfa9-8193e3e4d7aa": "Police station", 
        "2e300d72-d1bf-4aef-8b69-f0fea3a9429c": "Post office", 
        "a02e0595-5c9c-4040-88d3-9bba00cc95eb": "Power plant", 
        "f6c035b3-b29c-42de-82d9-6e3453db17b3": "Prison", 
        "638bf25d-fa99-48ae-9ccf-756707692628": "Private residence", 
        "82d506cc-1b1f-4635-8bc7-2476529f8ff0": "Professional**", 
        "60031916-d6a2-47c6-b6f5-432c11ab32f0": "Raceway", 
        "135c2d2e-a99a-4cf2-848d-a22561663d25": "Recreation--nonbuilding", 
        "d23e7f64-151b-4442-95fb-ef545a4703cb": "Restaurant", 
        "6952ca6b-a03f-4df3-85ce-d066251e8bbd": "Retail establishment", 
        "0c806062-f65b-4c4c-9adb-12037502d1ed": "Road", 
        "49e6f82e-b7a3-4dd5-ba93-778422a68487": "School, University, College", 
        "6687aa24-a8b7-469c-8afd-32565343b714": "Seawall", 
        "b8f18540-5c26-42c0-8d96-a18e856a0378": "Service station", 
        "82ae50a5-791a-46ed-809a-3235061f7af0": "Sewage treatment", 
        "7b8df9d0-7fec-4b14-b2c5-6afac6603d72": "Shoe shop", 
        "f341ff57-6da0-4c81-8a57-73aff73f8c64": "Shop", 
        "0fd35489-1819-4959-8f7c-57ec68d0210f": "Shopping center", 
        "013cd9be-ebdf-4b5e-a5d4-1922414ed930": "Slave quarters", 
        "a048dad6-da1a-464d-a53d-0d30b2fe63ff": "Smithy", 
        "2461c1f1-6087-4e3d-a8b7-31ae17ca5f2a": "Smokehouse", 
        "8cc8951d-297d-46e1-9293-5be1918d15a1": "Springhouse", 
        "d27d68a8-b1e7-4378-8db4-9af08201d2eb": "Stable", 
        "7ecb7815-788c-4f94-a101-64f29de37f61": "Stadium", 
        "359f1972-bc05-4475-96b7-b9b92dfa9195": "Swimming pool", 
        "3ae18e98-9710-4729-b615-12bade25e54a": "Temple (religious)", 
        "49dda27f-4a10-4d79-86a0-357a00b1b2d6": "Terminal, Air/Bus/Rail", 
        "6b911035-62e7-4e80-b8c8-80340e49f6f4": "Theater", 
        "c4a49d52-b8ae-4517-b1d2-b49dfb375d8e": "Theme park (resort complex)", 
        "83f85aa7-51a3-41d2-af50-9d967873cd7d": "Tower", 
        "c51765cc-7670-49fe-b626-e41251cb590e": "Transmission structure (electrical)", 
        "c1f33cf0-88d7-4926-b930-167b6430639d": "Transportation", 
        "457dc365-bb56-4843-b423-38336eebc1b8": "Turpentine Still", 
        "0a1e36c0-784a-4324-917b-1547a7d51646": "Unknown", 
        "683652eb-948b-4bd2-8d70-75734816cd1a": "Unspecified by documenter", 
        "8e367469-1eb7-4c5f-97b8-6d2f2689fd08": "Vehicle-road or rail", 
        "ea87270a-5802-4194-a7ae-d77fbd4e8ea8": "Vessel--watergoing", 
        "b003aa04-812b-4303-b37f-98cc82cd376d": "Wall", 
        "9b389239-1545-4e41-905e-43b7049e5606": "Warehouse", 
        "c92ce5ee-1763-47d9-a29d-2f8f285aaa52": "Water Tower or Supply Structure", 
        "093f0865-43fb-4e5f-a499-2c5683c4bb3a": "Water fountain", 
        "fabb1fc6-35ff-47e1-9583-92fe8725eb54": "Zoo"
    }
}